mask,edge_count,edge_graph_id,equality_graph_id,r0_profile_j123,indexed_replay_key
0x0002,18,EG0497,EQ116,000,0x0002
0x0004,18,EG0785,EQ121,000,0x0004
0x0006,20,EG0470,EQ088,000,0x0006
0x0008,22,EG0197,EQ069,000,0x0008
0x000a,22,EG0222,EQ073,000,0x000a
0x000c,20,EG0224,EQ076,000,0x000c
0x000e,20,EG0198,EQ070,000,0x000e
0x0010,22,EG0362,EQ087,100,0x0010
0x0012,22,EG0413,EQ087,100,0x0012
0x0014,24,EG0410,EQ029,100,0x0014
0x0016,24,EG0360,EQ029,100,0x0016
0x0018,24,EG0605,EQ046,100,0x0018
0x001a,26,EG0136,EQ010,100,0x001a
0x001c,22,EG0632,EQ107,100,0x001c
0x001e,24,EG0085,EQ033,100,0x001e
0x0020,18,EG0738,EQ116,000,0x0020
0x0022,20,EG0430,EQ094,000,0x0022
0x0024,20,EG0763,EQ118,000,0x0024
0x0026,22,EG0377,EQ085,000,0x0026
0x0028,24,EG0101,EQ031,000,0x0028
0x002a,24,EG0155,EQ032,000,0x002a
0x002c,22,EG0158,EQ038,000,0x002c
0x002e,22,EG0104,EQ037,000,0x002e
0x0030,20,EG0483,EQ120,100,0x0030
0x0032,20,EG0508,EQ122,100,0x0032
0x0034,22,EG0506,EQ038,100,0x0034
0x0036,22,EG0482,EQ035,100,0x0036
0x0038,22,EG0651,EQ050,100,0x0038
0x003a,24,EG0232,EQ015,100,0x003a
0x003c,20,EG0658,EQ125,100,0x003c
0x003e,22,EG0210,EQ071,100,0x003e
0x0040,18,EG0484,EQ121,000,0x0040
0x0042,16,EG1040,EQ129,000,0x0042
0x0044,20,EG0507,EQ094,000,0x0044
0x0046,18,EG1033,EQ116,000,0x0046
0x0048,22,EG0209,EQ069,000,0x0048
0x004a,22,EG0233,EQ073,000,0x004a
0x004c,20,EG0234,EQ074,000,0x004c
0x004e,20,EG0211,EQ072,000,0x004e
0x0050,22,EG0379,EQ092,100,0x0050
0x0052,22,EG0429,EQ092,100,0x0052
0x0054,24,EG0427,EQ030,100,0x0054
0x0056,24,EG0376,EQ030,100,0x0056
0x0058,26,EG0100,EQ010,100,0x0058
0x005a,24,EG0890,EQ047,100,0x005a
0x005c,24,EG0157,EQ036,100,0x005c
0x005e,22,EG0865,EQ109,100,0x005e
0x0060,20,EG0363,EQ088,000,0x0060
0x0062,18,EG1013,EQ121,000,0x0062
0x0064,22,EG0411,EQ086,000,0x0064
0x0066,20,EG0986,EQ113,000,0x0066
0x0068,24,EG0083,EQ031,000,0x0068
0x006a,24,EG0137,EQ032,000,0x006a
0x006c,22,EG0140,EQ035,000,0x006c
0x006e,22,EG0086,EQ034,000,0x006e
0x0070,20,EG0471,EQ114,100,0x0070
0x0072,20,EG0496,EQ115,100,0x0072
0x0074,22,EG0495,EQ037,100,0x0074
0x0076,22,EG0469,EQ034,100,0x0076
0x0078,24,EG0196,EQ013,100,0x0078
0x007a,22,EG0912,EQ052,100,0x007a
0x007c,22,EG0223,EQ075,100,0x007c
0x007e,20,EG0907,EQ126,100,0x007e
0x0080,22,EG0310,EQ069,000,0x0080
0x0082,20,EG0960,EQ072,000,0x0082
0x0084,24,EG0307,EQ061,000,0x0084
0x0086,22,EG0958,EQ067,000,0x0086
0x0088,26,EG0029,EQ011,000,0x0088
0x008a,26,EG0029,EQ011,000,0x008a
0x008c,24,EG0032,EQ013,000,0x008c
0x008e,24,EG0032,EQ013,000,0x008e
0x0090,24,EG0309,EQ055,100,0x0090
0x0092,24,EG0309,EQ055,100,0x0092
0x0094,26,EG0306,EQ019,100,0x0094
0x0096,26,EG0306,EQ019,100,0x0096
0x0098,28,EG0028,EQ004,100,0x0098
0x009a,26,EG0827,EQ040,100,0x009a
0x009c,26,EG0031,EQ012,100,0x009c
0x009e,24,EG0828,EQ056,100,0x009e
0x00a0,22,EG0328,EQ073,000,0x00a0
0x00a2,20,EG0969,EQ074,000,0x00a2
0x00a4,24,EG0325,EQ062,000,0x00a4
0x00a6,22,EG0968,EQ065,000,0x00a6
0x00a8,26,EG0047,EQ011,000,0x00a8
0x00aa,26,EG0047,EQ011,000,0x00aa
0x00ac,24,EG0050,EQ015,000,0x00ac
0x00ae,24,EG0050,EQ015,000,0x00ae
0x00b0,24,EG0327,EQ058,100,0x00b0
0x00b2,24,EG0327,EQ058,100,0x00b2
0x00b4,26,EG0324,EQ020,100,0x00b4
0x00b6,26,EG0324,EQ020,100,0x00b6
0x00b8,28,EG0046,EQ004,100,0x00b8
0x00ba,26,EG0838,EQ040,100,0x00ba
0x00bc,26,EG0049,EQ014,100,0x00bc
0x00be,24,EG0840,EQ059,100,0x00be
0x00c0,20,EG0714,EQ076,000,0x00c0
0x00c2,22,EG0328,EQ073,000,0x00c2
0x00c4,22,EG0712,EQ068,000,0x00c4
0x00c6,24,EG0325,EQ062,000,0x00c6
0x00c8,26,EG0047,EQ011,000,0x00c8
0x00ca,26,EG0047,EQ011,000,0x00ca
0x00cc,24,EG0050,EQ015,000,0x00cc
0x00ce,24,EG0050,EQ015,000,0x00ce
0x00d0,24,EG0327,EQ058,100,0x00d0
0x00d2,24,EG0327,EQ058,100,0x00d2
0x00d4,26,EG0324,EQ020,100,0x00d4
0x00d6,26,EG0324,EQ020,100,0x00d6
0x00d8,26,EG0587,EQ040,100,0x00d8
0x00da,28,EG0046,EQ004,100,0x00da
0x00dc,24,EG0588,EQ059,100,0x00dc
0x00de,26,EG0049,EQ014,100,0x00de
0x00e0,20,EG0701,EQ070,000,0x00e0
0x00e2,22,EG0310,EQ069,000,0x00e2
0x00e4,22,EG0700,EQ064,000,0x00e4
0x00e6,24,EG0307,EQ061,000,0x00e6
0x00e8,26,EG0029,EQ011,000,0x00e8
0x00ea,26,EG0029,EQ011,000,0x00ea
0x00ec,24,EG0032,EQ013,000,0x00ec
0x00ee,24,EG0032,EQ013,000,0x00ee
0x00f0,24,EG0309,EQ055,100,0x00f0
0x00f2,24,EG0309,EQ055,100,0x00f2
0x00f4,26,EG0306,EQ019,100,0x00f4
0x00f6,26,EG0306,EQ019,100,0x00f6
0x00f8,26,EG0575,EQ040,100,0x00f8
0x00fa,28,EG0028,EQ004,100,0x00fa
0x00fc,24,EG0577,EQ056,100,0x00fc
0x00fe,26,EG0031,EQ012,100,0x00fe
0x0100,22,EG0603,EQ087,010,0x0100
0x0102,24,EG0131,EQ030,010,0x0102
0x0104,24,EG0626,EQ078,010,0x0104
0x0106,26,EG0074,EQ026,010,0x0106
0x0108,24,EG0352,EQ082,010,0x0108
0x010a,24,EG0403,EQ083,010,0x010a
0x010c,22,EG0406,EQ085,010,0x010c
0x010e,22,EG0355,EQ084,010,0x010e
0x0110,26,EG0076,EQ028,110,0x0110
0x0112,26,EG0130,EQ028,110,0x0112
0x0114,28,EG0127,EQ008,110,0x0114
0x0116,28,EG0073,EQ008,110,0x0116
0x0118,24,EG0727,EQ061,110,0x0118
0x011a,26,EG0402,EQ026,110,0x011a
0x011c,22,EG0752,EQ080,110,0x011c
0x011e,24,EG0354,EQ077,110,0x011e
0x0120,22,EG0612,EQ087,010,0x0120
0x0122,24,EG0149,EQ030,010,0x0122
0x0124,24,EG0636,EQ078,010,0x0124
0x0126,26,EG0092,EQ026,010,0x0126
0x0128,24,EG0369,EQ083,010,0x0128
0x012a,24,EG0419,EQ090,010,0x012a
0x012c,22,EG0422,EQ091,010,0x012c
0x012e,22,EG0372,EQ086,010,0x012e
0x0130,26,EG0094,EQ028,110,0x0130
0x0132,26,EG0148,EQ028,110,0x0132
0x0134,28,EG0145,EQ008,110,0x0134
0x0136,28,EG0091,EQ008,110,0x0136
0x0138,24,EG0732,EQ062,110,0x0138
0x013a,26,EG0418,EQ027,110,0x013a
0x013c,22,EG0760,EQ081,110,0x013c
0x013e,24,EG0371,EQ078,110,0x013e
0x0140,24,EG0095,EQ029,010,0x0140
0x0142,22,EG0888,EQ092,010,0x0142
0x0144,26,EG0146,EQ027,010,0x0144
0x0146,24,EG0859,EQ077,010,0x0146
0x0148,24,EG0369,EQ083,010,0x0148
0x014a,24,EG0419,EQ090,010,0x014a
0x014c,22,EG0422,EQ091,010,0x014c
0x014e,22,EG0372,EQ086,010,0x014e
0x0150,26,EG0094,EQ028,110,0x0150
0x0152,26,EG0148,EQ028,110,0x0152
0x0154,28,EG0145,EQ008,110,0x0154
0x0156,28,EG0091,EQ008,110,0x0156
0x0158,26,EG0368,EQ027,110,0x0158
0x015a,24,EG1016,EQ062,110,0x015a
0x015c,24,EG0421,EQ078,110,0x015c
0x015e,22,EG0992,EQ081,110,0x015e
0x0160,24,EG0077,EQ029,010,0x0160
0x0162,22,EG0881,EQ092,010,0x0162
0x0164,26,EG0128,EQ027,010,0x0164
0x0166,24,EG0854,EQ077,010,0x0166
0x0168,24,EG0352,EQ082,010,0x0168
0x016a,24,EG0403,EQ083,010,0x016a
0x016c,22,EG0406,EQ085,010,0x016c
0x016e,22,EG0355,EQ084,010,0x016e
0x0170,26,EG0076,EQ028,110,0x0170
0x0172,26,EG0130,EQ028,110,0x0172
0x0174,28,EG0127,EQ008,110,0x0174
0x0176,28,EG0073,EQ008,110,0x0176
0x0178,26,EG0351,EQ026,110,0x0178
0x017a,24,EG1007,EQ061,110,0x017a
0x017c,24,EG0405,EQ077,110,0x017c
0x017e,22,EG0983,EQ080,110,0x017e
0x0180,24,EG0167,EQ046,010,0x0180
0x0182,22,EG0897,EQ109,010,0x0182
0x0184,26,EG0164,EQ044,010,0x0184
0x0186,24,EG0895,EQ079,010,0x0186
0x0188,24,EG0436,EQ077,010,0x0188
0x018a,24,EG0436,EQ077,010,0x018a
0x018c,22,EG0439,EQ098,010,0x018c
0x018e,22,EG0439,EQ098,010,0x018e
0x0190,28,EG0022,EQ009,110,0x0190
0x0192,28,EG0022,EQ009,110,0x0192
0x0194,30,EG0019,EQ002,110,0x0194
0x0196,30,EG0019,EQ002,110,0x0196
0x0198,28,EG0297,EQ016,110,0x0198
0x019a,26,EG0949,EQ019,110,0x019a
0x019c,26,EG0300,EQ021,110,0x019c
0x019e,24,EG0952,EQ024,110,0x019e
0x01a0,26,EG0041,EQ010,010,0x01a0
0x01a2,24,EG0834,EQ036,010,0x01a2
0x01a4,28,EG0038,EQ008,010,0x01a4
0x01a6,26,EG0831,EQ028,010,0x01a6
0x01a8,26,EG0316,EQ027,010,0x01a8
0x01aa,26,EG0316,EQ027,010,0x01aa
0x01ac,24,EG0319,EQ032,010,0x01ac
0x01ae,24,EG0319,EQ032,010,0x01ae
0x01b0,26,EG0180,EQ045,110,0x01b0
0x01b2,26,EG0180,EQ045,110,0x01b2
0x01b4,28,EG0177,EQ005,110,0x01b4
0x01b6,28,EG0177,EQ005,110,0x01b6
0x01b8,26,EG0449,EQ022,110,0x01b8
0x01ba,24,EG1021,EQ058,110,0x01ba
0x01bc,24,EG0452,EQ102,110,0x01bc
0x01be,22,EG1024,EQ105,110,0x01be
0x01c0,22,EG0643,EQ107,010,0x01c0
0x01c2,24,EG0181,EQ047,010,0x01c2
0x01c4,24,EG0641,EQ079,010,0x01c4
0x01c6,26,EG0178,EQ044,010,0x01c6
0x01c8,24,EG0450,EQ078,010,0x01c8
0x01ca,24,EG0450,EQ078,010,0x01ca
0x01cc,22,EG0453,EQ103,010,0x01cc
0x01ce,22,EG0453,EQ103,010,0x01ce
0x01d0,28,EG0040,EQ009,110,0x01d0
0x01d2,28,EG0040,EQ009,110,0x01d2
0x01d4,30,EG0037,EQ002,110,0x01d4
0x01d6,30,EG0037,EQ002,110,0x01d6
0x01d8,26,EG0703,EQ020,110,0x01d8
0x01da,28,EG0315,EQ017,110,0x01da
0x01dc,24,EG0706,EQ025,110,0x01dc
0x01de,26,EG0318,EQ022,110,0x01de
0x01e0,24,EG0571,EQ033,010,0x01e0
0x01e2,26,EG0023,EQ010,010,0x01e2
0x01e4,26,EG0568,EQ028,010,0x01e4
0x01e6,28,EG0020,EQ008,010,0x01e6
0x01e8,26,EG0298,EQ026,010,0x01e8
0x01ea,26,EG0298,EQ026,010,0x01ea
0x01ec,24,EG0301,EQ031,010,0x01ec
0x01ee,24,EG0301,EQ031,010,0x01ee
0x01f0,26,EG0166,EQ045,110,0x01f0
0x01f2,26,EG0166,EQ045,110,0x01f2
0x01f4,28,EG0163,EQ005,110,0x01f4
0x01f6,28,EG0163,EQ005,110,0x01f6
0x01f8,24,EG0767,EQ055,110,0x01f8
0x01fa,26,EG0435,EQ021,110,0x01fa
0x01fc,22,EG0770,EQ100,110,0x01fc
0x01fe,24,EG0438,EQ097,110,0x01fe
0x0200,18,EG0779,EQ116,000,0x0200
0x0202,20,EG0491,EQ113,000,0x0202
0x0204,20,EG0784,EQ088,000,0x0204
0x0206,22,EG0465,EQ085,000,0x0206
0x0208,24,EG0193,EQ062,000,0x0208
0x020a,24,EG0216,EQ061,000,0x020a
0x020c,22,EG0218,EQ067,000,0x020c
0x020e,22,EG0194,EQ065,000,0x020e
0x0210,24,EG0354,EQ077,100,0x0210
0x0212,24,EG0405,EQ077,100,0x0212
0x0214,26,EG0402,EQ026,100,0x0214
0x0216,26,EG0351,EQ026,100,0x0216
0x0218,26,EG0600,EQ044,100,0x0218
0x021a,28,EG0127,EQ008,100,0x021a
0x021c,24,EG0628,EQ079,100,0x021c
0x021e,26,EG0076,EQ028,100,0x021e
0x0220,20,EG0735,EQ094,000,0x0220
0x0222,22,EG0423,EQ086,000,0x0222
0x0224,22,EG0759,EQ085,000,0x0224
0x0226,24,EG0370,EQ090,000,0x0226
0x0228,26,EG0093,EQ027,000,0x0228
0x022a,26,EG0147,EQ026,000,0x022a
0x022c,24,EG0150,EQ029,000,0x022c
0x022e,24,EG0096,EQ030,000,0x022e
0x0230,22,EG0477,EQ104,100,0x0230
0x0232,22,EG0503,EQ103,100,0x0232
0x0234,24,EG0500,EQ032,100,0x0234
0x0236,24,EG0474,EQ032,100,0x0236
0x0238,24,EG0648,EQ048,100,0x0238
0x023a,26,EG0227,EQ011,100,0x023a
0x023c,22,EG0655,EQ096,100,0x023c
0x023e,24,EG0204,EQ066,100,0x023e
0x0240,20,EG0478,EQ118,000,0x0240
0x0242,18,EG1038,EQ121,000,0x0242
0x0244,22,EG0502,EQ086,000,0x0244
0x0246,20,EG1032,EQ094,000,0x0246
0x0248,24,EG0203,EQ062,000,0x0248
0x024a,24,EG0229,EQ061,000,0x024a
0x024c,22,EG0230,EQ064,000,0x024c
0x024e,22,EG0205,EQ068,000,0x024e
0x0250,24,EG0371,EQ078,100,0x0250
0x0252,24,EG0421,EQ078,100,0x0252
0x0254,26,EG0418,EQ027,100,0x0254
0x0256,26,EG0368,EQ027,100,0x0256
0x0258,28,EG0091,EQ008,100,0x0258
0x025a,26,EG0885,EQ044,100,0x025a
0x025c,26,EG0148,EQ028,100,0x025c
0x025e,24,EG0861,EQ079,100,0x025e
0x0260,22,EG0356,EQ085,000,0x0260
0x0262,20,EG1010,EQ088,000,0x0262
0x0264,24,EG0404,EQ082,000,0x0264
0x0266,22,EG0982,EQ086,000,0x0266
0x0268,26,EG0075,EQ027,000,0x0268
0x026a,26,EG0129,EQ026,000,0x026a
0x026c,24,EG0132,EQ029,000,0x026c
0x026e,24,EG0078,EQ030,000,0x026e
0x0270,22,EG0466,EQ098,100,0x0270
0x0272,22,EG0490,EQ099,100,0x0272
0x0274,24,EG0487,EQ031,100,0x0274
0x0276,24,EG0463,EQ031,100,0x0276
0x0278,26,EG0191,EQ011,100,0x0278
0x027a,24,EG0909,EQ048,100,0x027a
0x027c,24,EG0217,EQ066,100,0x027c
0x027e,22,EG0904,EQ096,100,0x027e
0x0280,24,EG0302,EQ031,000,0x0280
0x0282,22,EG0953,EQ034,000,0x0282
0x0284,26,EG0299,EQ026,000,0x0284
0x0286,24,EG0951,EQ029,000,0x0286
0x0288,28,EG0021,EQ008,000,0x0288
0x028a,28,EG0021,EQ008,000,0x028a
0x028c,26,EG0024,EQ010,000,0x028c
0x028e,26,EG0024,EQ010,000,0x028e
0x0290,26,EG0300,EQ021,100,0x0290
0x0292,26,EG0300,EQ021,100,0x0292
0x0294,28,EG0297,EQ016,100,0x0294
0x0296,28,EG0297,EQ016,100,0x0296
0x0298,30,EG0019,EQ002,100,0x0298
0x029a,28,EG0821,EQ018,100,0x029a
0x029c,28,EG0022,EQ009,100,0x029c
0x029e,26,EG0824,EQ023,100,0x029e
0x02a0,24,EG0320,EQ032,000,0x02a0
0x02a2,22,EG0966,EQ035,000,0x02a2
0x02a4,26,EG0317,EQ027,000,0x02a4
0x02a6,24,EG0965,EQ030,000,0x02a6
0x02a8,28,EG0039,EQ008,000,0x02a8
0x02aa,28,EG0039,EQ008,000,0x02aa
0x02ac,26,EG0042,EQ010,000,0x02ac
0x02ae,26,EG0042,EQ010,000,0x02ae
0x02b0,26,EG0318,EQ022,100,0x02b0
0x02b2,26,EG0318,EQ022,100,0x02b2
0x02b4,28,EG0315,EQ017,100,0x02b4
0x02b6,28,EG0315,EQ017,100,0x02b6
0x02b8,30,EG0037,EQ002,100,0x02b8
0x02ba,28,EG0830,EQ018,100,0x02ba
0x02bc,28,EG0040,EQ009,100,0x02bc
0x02be,26,EG0833,EQ023,100,0x02be
0x02c0,22,EG0707,EQ038,000,0x02c0
0x02c2,24,EG0320,EQ032,000,0x02c2
0x02c4,24,EG0705,EQ030,000,0x02c4
0x02c6,26,EG0317,EQ027,000,0x02c6
0x02c8,28,EG0039,EQ008,000,0x02c8
0x02ca,28,EG0039,EQ008,000,0x02ca
0x02cc,26,EG0042,EQ010,000,0x02cc
0x02ce,26,EG0042,EQ010,000,0x02ce
0x02d0,26,EG0318,EQ022,100,0x02d0
0x02d2,26,EG0318,EQ022,100,0x02d2
0x02d4,28,EG0315,EQ017,100,0x02d4
0x02d6,28,EG0315,EQ017,100,0x02d6
0x02d8,28,EG0581,EQ018,100,0x02d8
0x02da,30,EG0037,EQ002,100,0x02da
0x02dc,26,EG0584,EQ023,100,0x02dc
0x02de,28,EG0040,EQ009,100,0x02de
0x02e0,22,EG0698,EQ037,000,0x02e0
0x02e2,24,EG0302,EQ031,000,0x02e2
0x02e4,24,EG0697,EQ029,000,0x02e4
0x02e6,26,EG0299,EQ026,000,0x02e6
0x02e8,28,EG0021,EQ008,000,0x02e8
0x02ea,28,EG0021,EQ008,000,0x02ea
0x02ec,26,EG0024,EQ010,000,0x02ec
0x02ee,26,EG0024,EQ010,000,0x02ee
0x02f0,26,EG0300,EQ021,100,0x02f0
0x02f2,26,EG0300,EQ021,100,0x02f2
0x02f4,28,EG0297,EQ016,100,0x02f4
0x02f6,28,EG0297,EQ016,100,0x02f6
0x02f8,28,EG0567,EQ018,100,0x02f8
0x02fa,30,EG0019,EQ002,100,0x02fa
0x02fc,26,EG0570,EQ023,100,0x02fc
0x02fe,28,EG0022,EQ009,100,0x02fe
0x0300,20,EG0606,EQ120,010,0x0300
0x0302,22,EG0141,EQ034,010,0x0302
0x0304,22,EG0631,EQ099,010,0x0304
0x0306,24,EG0084,EQ032,010,0x0306
0x0308,22,EG0361,EQ086,010,0x0308
0x030a,22,EG0412,EQ084,010,0x030a
0x030c,20,EG0414,EQ088,010,0x030c
0x030e,20,EG0364,EQ089,010,0x030e
0x0310,24,EG0085,EQ033,110,0x0310
0x0312,24,EG0139,EQ033,110,0x0312
0x0314,26,EG0136,EQ010,110,0x0314
0x0316,26,EG0082,EQ010,110,0x0316
0x0318,22,EG0730,EQ064,110,0x0318
0x031a,24,EG0410,EQ029,110,0x031a
0x031c,20,EG0755,EQ108,110,0x031c
0x031e,22,EG0362,EQ087,110,0x031e
0x0320,20,EG0614,EQ122,010,0x0320
0x0322,22,EG0159,EQ037,010,0x0322
0x0324,22,EG0638,EQ098,010,0x0324
0x0326,24,EG0102,EQ032,010,0x0326
0x0328,22,EG0378,EQ091,010,0x0328
0x032a,22,EG0428,EQ085,010,0x032a
0x032c,20,EG0431,EQ093,010,0x032c
0x032e,20,EG0380,EQ094,010,0x032e
0x0330,24,EG0103,EQ036,110,0x0330
0x0332,24,EG0157,EQ036,110,0x0332
0x0334,26,EG0154,EQ010,110,0x0334
0x0336,26,EG0100,EQ010,110,0x0336
0x0338,22,EG0737,EQ065,110,0x0338
0x033a,24,EG0427,EQ030,110,0x033a
0x033c,20,EG0764,EQ110,110,0x033c
0x033e,22,EG0379,EQ092,110,0x033e
0x0340,22,EG0105,EQ038,010,0x0340
0x0342,20,EG0891,EQ115,010,0x0342
0x0344,24,EG0156,EQ031,010,0x0344
0x0346,22,EG0864,EQ104,010,0x0346
0x0348,22,EG0378,EQ091,010,0x0348
0x034a,22,EG0428,EQ085,010,0x034a
0x034c,20,EG0431,EQ093,010,0x034c
0x034e,20,EG0380,EQ094,010,0x034e
0x0350,24,EG0103,EQ036,110,0x0350
0x0352,24,EG0157,EQ036,110,0x0352
0x0354,26,EG0154,EQ010,110,0x0354
0x0356,26,EG0100,EQ010,110,0x0356
0x0358,24,EG0376,EQ030,110,0x0358
0x035a,22,EG1019,EQ065,110,0x035a
0x035c,22,EG0429,EQ092,110,0x035c
0x035e,20,EG0995,EQ110,110,0x035e
0x0360,22,EG0087,EQ035,010,0x0360
0x0362,20,EG0883,EQ114,010,0x0362
0x0364,24,EG0138,EQ031,010,0x0364
0x0366,22,EG0856,EQ103,010,0x0366
0x0368,22,EG0361,EQ086,010,0x0368
0x036a,22,EG0412,EQ084,010,0x036a
0x036c,20,EG0414,EQ088,010,0x036c
0x036e,20,EG0364,EQ089,010,0x036e
0x0370,24,EG0085,EQ033,110,0x0370
0x0372,24,EG0139,EQ033,110,0x0372
0x0374,26,EG0136,EQ010,110,0x0374
0x0376,26,EG0082,EQ010,110,0x0376
0x0378,24,EG0360,EQ029,110,0x0378
0x037a,22,EG1012,EQ064,110,0x037a
0x037c,22,EG0413,EQ087,110,0x037c
0x037e,20,EG0987,EQ108,110,0x037e
0x0380,22,EG0174,EQ050,010,0x0380
0x0382,20,EG0900,EQ126,010,0x0382
0x0384,24,EG0172,EQ048,010,0x0384
0x0386,22,EG0899,EQ096,010,0x0386
0x0388,22,EG0444,EQ080,010,0x0388
0x038a,22,EG0444,EQ080,010,0x038a
0x038c,20,EG0446,EQ101,010,0x038c
0x038e,20,EG0446,EQ101,010,0x038e
0x0390,26,EG0031,EQ012,110,0x0390
0x0392,26,EG0031,EQ012,110,0x0392
0x0394,28,EG0028,EQ004,110,0x0394
0x0396,28,EG0028,EQ004,110,0x0396
0x0398,26,EG0306,EQ019,110,0x0398
0x039a,24,EG0957,EQ053,110,0x039a
0x039c,24,EG0309,EQ055,110,0x039c
0x039e,22,EG0959,EQ057,110,0x039e
0x03a0,24,EG0051,EQ015,010,0x03a0
0x03a2,22,EG0841,EQ075,010,0x03a2
0x03a4,26,EG0048,EQ011,010,0x03a4
0x03a6,24,EG0839,EQ066,010,0x03a6
0x03a8,24,EG0326,EQ062,010,0x03a8
0x03aa,24,EG0326,EQ062,010,0x03aa
0x03ac,22,EG0329,EQ073,010,0x03ac
0x03ae,22,EG0329,EQ073,010,0x03ae
0x03b0,24,EG0187,EQ051,110,0x03b0
0x03b2,24,EG0187,EQ051,110,0x03b2
0x03b4,26,EG0185,EQ007,110,0x03b4
0x03b6,26,EG0185,EQ007,110,0x03b6
0x03b8,24,EG0457,EQ025,110,0x03b8
0x03ba,22,EG1027,EQ060,110,0x03ba
0x03bc,22,EG0459,EQ105,110,0x03bc
0x03be,20,EG1028,EQ128,110,0x03be
0x03c0,20,EG0646,EQ125,010,0x03c0
0x03c2,22,EG0188,EQ052,010,0x03c2
0x03c4,22,EG0645,EQ096,010,0x03c4
0x03c6,24,EG0186,EQ048,010,0x03c6
0x03c8,22,EG0458,EQ081,010,0x03c8
0x03ca,22,EG0458,EQ081,010,0x03ca
0x03cc,20,EG0460,EQ106,010,0x03cc
0x03ce,20,EG0460,EQ106,010,0x03ce
0x03d0,26,EG0049,EQ014,110,0x03d0
0x03d2,26,EG0049,EQ014,110,0x03d2
0x03d4,28,EG0046,EQ004,110,0x03d4
0x03d6,28,EG0046,EQ004,110,0x03d6
0x03d8,24,EG0711,EQ054,110,0x03d8
0x03da,26,EG0324,EQ020,110,0x03da
0x03dc,22,EG0713,EQ060,110,0x03dc
0x03de,24,EG0327,EQ058,110,0x03de
0x03e0,22,EG0578,EQ071,010,0x03e0
0x03e2,24,EG0033,EQ013,010,0x03e2
0x03e4,24,EG0576,EQ066,010,0x03e4
0x03e6,26,EG0030,EQ011,010,0x03e6
0x03e8,24,EG0308,EQ061,010,0x03e8
0x03ea,24,EG0308,EQ061,010,0x03ea
0x03ec,22,EG0311,EQ069,010,0x03ec
0x03ee,22,EG0311,EQ069,010,0x03ee
0x03f0,24,EG0173,EQ049,110,0x03f0
0x03f2,24,EG0173,EQ049,110,0x03f2
0x03f4,26,EG0171,EQ007,110,0x03f4
0x03f6,26,EG0171,EQ007,110,0x03f6
0x03f8,22,EG0773,EQ057,110,0x03f8
0x03fa,24,EG0443,EQ024,110,0x03fa
0x03fc,20,EG0774,EQ127,110,0x03fc
0x03fe,22,EG0445,EQ100,110,0x03fe
0x0800,22,EG0720,EQ069,000,0x0800
0x0802,24,EG0388,EQ062,000,0x0802
0x0804,24,EG0742,EQ032,000,0x0804
0x0806,26,EG0334,EQ026,000,0x0806
0x0808,28,EG0056,EQ016,000,0x0808
0x080a,28,EG0110,EQ017,000,0x080a
0x080c,26,EG0113,EQ020,000,0x080c
0x080e,26,EG0059,EQ019,000,0x080e
0x0810,24,EG0528,EQ047,100,0x0810
0x0812,24,EG0542,EQ046,100,0x0812
0x0814,26,EG0539,EQ010,100,0x0814
0x0816,26,EG0525,EQ010,100,0x0816
0x0818,26,EG0669,EQ007,100,0x0818
0x081a,28,EG0265,EQ004,100,0x081a
0x081c,24,EG0677,EQ043,100,0x081c
0x081e,26,EG0254,EQ040,100,0x081e
0x0820,20,EG0797,EQ072,000,0x0820
0x0822,22,EG0543,EQ068,000,0x0822
0x0824,22,EG0803,EQ038,000,0x0824
0x0826,24,EG0526,EQ029,000,0x0826
0x0828,26,EG0252,EQ019,000,0x0828
0x082a,26,EG0266,EQ020,000,0x082a
0x082c,24,EG0269,EQ054,000,0x082c
0x082e,24,EG0255,EQ053,000,0x082e
0x0830,26,EG0336,EQ044,100,0x0830
0x0832,26,EG0387,EQ044,100,0x0832
0x0834,28,EG0384,EQ008,100,0x0834
0x0836,28,EG0333,EQ008,100,0x0836
0x0838,28,EG0590,EQ005,100,0x0838
0x083a,30,EG0109,EQ002,100,0x083a
0x083c,26,EG0619,EQ041,100,0x083c
0x083e,28,EG0058,EQ018,100,0x083e
0x0840,24,EG0337,EQ061,000,0x0840
0x0842,22,EG1000,EQ073,000,0x0842
0x0844,26,EG0385,EQ027,000,0x0844
0x0846,24,EG0972,EQ031,000,0x0846
0x0848,28,EG0056,EQ016,000,0x0848
0x084a,28,EG0110,EQ017,000,0x084a
0x084c,26,EG0113,EQ020,000,0x084c
0x084e,26,EG0059,EQ019,000,0x084e
0x0850,24,EG0528,EQ047,100,0x0850
0x0852,24,EG0542,EQ046,100,0x0852
0x0854,26,EG0539,EQ010,100,0x0854
0x0856,26,EG0525,EQ010,100,0x0856
0x0858,28,EG0251,EQ004,100,0x0858
0x085a,26,EG0930,EQ007,100,0x085a
0x085c,26,EG0268,EQ040,100,0x085c
0x085e,24,EG0926,EQ043,100,0x085e
0x0860,22,EG0529,EQ067,000,0x0860
0x0862,20,EG1057,EQ076,000,0x0862
0x0864,24,EG0540,EQ030,000,0x0864
0x0866,22,EG1051,EQ034,000,0x0866
0x0868,26,EG0252,EQ019,000,0x0868
0x086a,26,EG0266,EQ020,000,0x086a
0x086c,24,EG0269,EQ054,000,0x086c
0x086e,24,EG0255,EQ053,000,0x086e
0x0870,26,EG0336,EQ044,100,0x0870
0x0872,26,EG0387,EQ044,100,0x0872
0x0874,28,EG0384,EQ008,100,0x0874
0x0876,28,EG0333,EQ008,100,0x0876
0x0878,30,EG0055,EQ002,100,0x0878
0x087a,28,EG0868,EQ005,100,0x087a
0x087c,28,EG0112,EQ018,100,0x087c
0x087e,26,EG0847,EQ041,100,0x087e
0x0880,26,EG0283,EQ011,000,0x0880
0x0882,24,EG0939,EQ015,000,0x0882
0x0884,28,EG0280,EQ008,000,0x0884
0x0886,26,EG0936,EQ010,000,0x0886
0x0888,30,EG0002,EQ002,000,0x0888
0x088a,30,EG0002,EQ002,000,0x088a
0x088c,28,EG0005,EQ004,000,0x088c
0x088e,28,EG0005,EQ004,000,0x088e
0x0890,28,EG0282,EQ005,100,0x0890
0x0892,28,EG0282,EQ005,100,0x0892
0x0894,30,EG0279,EQ002,100,0x0894
0x0896,30,EG0279,EQ002,100,0x0896
0x0898,32,EG0001,EQ001,100,0x0898
0x089a,30,EG0807,EQ003,100,0x089a
0x089c,30,EG0004,EQ003,100,0x089c
0x089e,28,EG0810,EQ006,100,0x089e
0x08a0,26,EG0283,EQ011,000,0x08a0
0x08a2,24,EG0939,EQ015,000,0x08a2
0x08a4,28,EG0280,EQ008,000,0x08a4
0x08a6,26,EG0936,EQ010,000,0x08a6
0x08a8,30,EG0002,EQ002,000,0x08a8
0x08aa,30,EG0002,EQ002,000,0x08aa
0x08ac,28,EG0005,EQ004,000,0x08ac
0x08ae,28,EG0005,EQ004,000,0x08ae
0x08b0,28,EG0282,EQ005,100,0x08b0
0x08b2,28,EG0282,EQ005,100,0x08b2
0x08b4,30,EG0279,EQ002,100,0x08b4
0x08b6,30,EG0279,EQ002,100,0x08b6
0x08b8,32,EG0001,EQ001,100,0x08b8
0x08ba,30,EG0807,EQ003,100,0x08ba
0x08bc,30,EG0004,EQ003,100,0x08bc
0x08be,28,EG0810,EQ006,100,0x08be
0x08c0,24,EG0685,EQ013,000,0x08c0
0x08c2,26,EG0283,EQ011,000,0x08c2
0x08c4,26,EG0682,EQ010,000,0x08c4
0x08c6,28,EG0280,EQ008,000,0x08c6
0x08c8,30,EG0002,EQ002,000,0x08c8
0x08ca,30,EG0002,EQ002,000,0x08ca
0x08cc,28,EG0005,EQ004,000,0x08cc
0x08ce,28,EG0005,EQ004,000,0x08ce
0x08d0,28,EG0282,EQ005,100,0x08d0
0x08d2,28,EG0282,EQ005,100,0x08d2
0x08d4,30,EG0279,EQ002,100,0x08d4
0x08d6,30,EG0279,EQ002,100,0x08d6
0x08d8,30,EG0553,EQ003,100,0x08d8
0x08da,32,EG0001,EQ001,100,0x08da
0x08dc,28,EG0556,EQ006,100,0x08dc
0x08de,30,EG0004,EQ003,100,0x08de
0x08e0,24,EG0685,EQ013,000,0x08e0
0x08e2,26,EG0283,EQ011,000,0x08e2
0x08e4,26,EG0682,EQ010,000,0x08e4
0x08e6,28,EG0280,EQ008,000,0x08e6
0x08e8,30,EG0002,EQ002,000,0x08e8
0x08ea,30,EG0002,EQ002,000,0x08ea
0x08ec,28,EG0005,EQ004,000,0x08ec
0x08ee,28,EG0005,EQ004,000,0x08ee
0x08f0,28,EG0282,EQ005,100,0x08f0
0x08f2,28,EG0282,EQ005,100,0x08f2
0x08f4,30,EG0279,EQ002,100,0x08f4
0x08f6,30,EG0279,EQ002,100,0x08f6
0x08f8,30,EG0553,EQ003,100,0x08f8
0x08fa,32,EG0001,EQ001,100,0x08fa
0x08fc,28,EG0556,EQ006,100,0x08fc
0x08fe,30,EG0004,EQ003,100,0x08fe
0x0900,24,EG0593,EQ055,010,0x0900
0x0902,26,EG0113,EQ020,010,0x0902
0x0904,26,EG0617,EQ022,010,0x0904
0x0906,28,EG0056,EQ016,010,0x0906
0x0908,26,EG0334,EQ026,010,0x0908
0x090a,26,EG0385,EQ027,010,0x090a
0x090c,24,EG0388,EQ062,010,0x090c
0x090e,24,EG0337,EQ061,010,0x090e
0x0910,28,EG0058,EQ018,110,0x0910
0x0912,28,EG0112,EQ018,110,0x0912
0x0914,30,EG0109,EQ002,110,0x0914
0x0916,30,EG0055,EQ002,110,0x0916
0x0918,26,EG0717,EQ011,110,0x0918
0x091a,28,EG0384,EQ008,110,0x091a
0x091c,24,EG0744,EQ048,110,0x091c
0x091e,26,EG0336,EQ044,110,0x091e
0x0920,24,EG0593,EQ055,010,0x0920
0x0922,26,EG0113,EQ020,010,0x0922
0x0924,26,EG0617,EQ022,010,0x0924
0x0926,28,EG0056,EQ016,010,0x0926
0x0928,26,EG0334,EQ026,010,0x0928
0x092a,26,EG0385,EQ027,010,0x092a
0x092c,24,EG0388,EQ062,010,0x092c
0x092e,24,EG0337,EQ061,010,0x092e
0x0930,28,EG0058,EQ018,110,0x0930
0x0932,28,EG0112,EQ018,110,0x0932
0x0934,30,EG0109,EQ002,110,0x0934
0x0936,30,EG0055,EQ002,110,0x0936
0x0938,26,EG0717,EQ011,110,0x0938
0x093a,28,EG0384,EQ008,110,0x093a
0x093c,24,EG0744,EQ048,110,0x093c
0x093e,26,EG0336,EQ044,110,0x093e
0x0940,26,EG0059,EQ019,010,0x0940
0x0942,24,EG0871,EQ058,010,0x0942
0x0944,28,EG0110,EQ017,010,0x0944
0x0946,26,EG0845,EQ021,010,0x0946
0x0948,26,EG0334,EQ026,010,0x0948
0x094a,26,EG0385,EQ027,010,0x094a
0x094c,24,EG0388,EQ062,010,0x094c
0x094e,24,EG0337,EQ061,010,0x094e
0x0950,28,EG0058,EQ018,110,0x0950
0x0952,28,EG0112,EQ018,110,0x0952
0x0954,30,EG0109,EQ002,110,0x0954
0x0956,30,EG0055,EQ002,110,0x0956
0x0958,28,EG0333,EQ008,110,0x0958
0x095a,26,EG0997,EQ011,110,0x095a
0x095c,26,EG0387,EQ044,110,0x095c
0x095e,24,EG0974,EQ048,110,0x095e
0x0960,26,EG0059,EQ019,010,0x0960
0x0962,24,EG0871,EQ058,010,0x0962
0x0964,28,EG0110,EQ017,010,0x0964
0x0966,26,EG0845,EQ021,010,0x0966
0x0968,26,EG0334,EQ026,010,0x0968
0x096a,26,EG0385,EQ027,010,0x096a
0x096c,24,EG0388,EQ062,010,0x096c
0x096e,24,EG0337,EQ061,010,0x096e
0x0970,28,EG0058,EQ018,110,0x0970
0x0972,28,EG0112,EQ018,110,0x0972
0x0974,30,EG0109,EQ002,110,0x0974
0x0976,30,EG0055,EQ002,110,0x0976
0x0978,28,EG0333,EQ008,110,0x0978
0x097a,26,EG0997,EQ011,110,0x097a
0x097c,26,EG0387,EQ044,110,0x097c
0x097e,24,EG0974,EQ048,110,0x097e
0x0980,28,EG0005,EQ004,010,0x0980
0x0982,26,EG0811,EQ014,010,0x0982
0x0984,30,EG0002,EQ002,010,0x0984
0x0986,28,EG0808,EQ009,010,0x0986
0x0988,28,EG0280,EQ008,010,0x0988
0x098a,28,EG0280,EQ008,010,0x098a
0x098c,26,EG0283,EQ011,010,0x098c
0x098e,26,EG0283,EQ011,010,0x098e
0x0990,28,EG0240,EQ039,110,0x0990
0x0992,28,EG0240,EQ039,110,0x0992
0x0994,30,EG0237,EQ003,110,0x0994
0x0996,30,EG0237,EQ003,110,0x0996
0x0998,28,EG0511,EQ009,110,0x0998
0x099a,26,EG1042,EQ012,110,0x099a
0x099c,26,EG0514,EQ045,110,0x099c
0x099e,24,EG1045,EQ049,110,0x099e
0x09a0,26,EG0241,EQ040,010,0x09a0
0x09a2,24,EG0917,EQ059,010,0x09a2
0x09a4,28,EG0238,EQ018,010,0x09a4
0x09a6,26,EG0915,EQ023,010,0x09a6
0x09a8,26,EG0512,EQ028,010,0x09a8
0x09aa,26,EG0512,EQ028,010,0x09aa
0x09ac,24,EG0515,EQ066,010,0x09ac
0x09ae,24,EG0515,EQ066,010,0x09ae
0x09b0,30,EG0004,EQ003,110,0x09b0
0x09b2,30,EG0004,EQ003,110,0x09b2
0x09b4,32,EG0001,EQ001,110,0x09b4
0x09b6,32,EG0001,EQ001,110,0x09b6
0x09b8,30,EG0279,EQ002,110,0x09b8
0x09ba,28,EG0935,EQ004,110,0x09ba
0x09bc,28,EG0282,EQ005,110,0x09bc
0x09be,26,EG0938,EQ007,110,0x09be
0x09c0,26,EG0557,EQ012,010,0x09c0
0x09c2,28,EG0005,EQ004,010,0x09c2
0x09c4,28,EG0554,EQ009,010,0x09c4
0x09c6,30,EG0002,EQ002,010,0x09c6
0x09c8,28,EG0280,EQ008,010,0x09c8
0x09ca,28,EG0280,EQ008,010,0x09ca
0x09cc,26,EG0283,EQ011,010,0x09cc
0x09ce,26,EG0283,EQ011,010,0x09ce
0x09d0,28,EG0240,EQ039,110,0x09d0
0x09d2,28,EG0240,EQ039,110,0x09d2
0x09d4,30,EG0237,EQ003,110,0x09d4
0x09d6,30,EG0237,EQ003,110,0x09d6
0x09d8,26,EG0787,EQ014,110,0x09d8
0x09da,28,EG0511,EQ009,110,0x09da
0x09dc,24,EG0790,EQ051,110,0x09dc
0x09de,26,EG0514,EQ045,110,0x09de
0x09e0,24,EG0663,EQ056,010,0x09e0
0x09e2,26,EG0241,EQ040,010,0x09e2
0x09e4,26,EG0661,EQ023,010,0x09e4
0x09e6,28,EG0238,EQ018,010,0x09e6
0x09e8,26,EG0512,EQ028,010,0x09e8
0x09ea,26,EG0512,EQ028,010,0x09ea
0x09ec,24,EG0515,EQ066,010,0x09ec
0x09ee,24,EG0515,EQ066,010,0x09ee
0x09f0,30,EG0004,EQ003,110,0x09f0
0x09f2,30,EG0004,EQ003,110,0x09f2
0x09f4,32,EG0001,EQ001,110,0x09f4
0x09f6,32,EG0001,EQ001,110,0x09f6
0x09f8,28,EG0681,EQ004,110,0x09f8
0x09fa,30,EG0279,EQ002,110,0x09fa
0x09fc,26,EG0684,EQ007,110,0x09fc
0x09fe,28,EG0282,EQ005,110,0x09fe
0x0a00,22,EG0721,EQ073,000,0x0a00
0x0a02,24,EG0389,EQ061,000,0x0a02
0x0a04,24,EG0743,EQ031,000,0x0a04
0x0a06,26,EG0335,EQ027,000,0x0a06
0x0a08,28,EG0057,EQ017,000,0x0a08
0x0a0a,28,EG0111,EQ016,000,0x0a0a
0x0a0c,26,EG0114,EQ019,000,0x0a0c
0x0a0e,26,EG0060,EQ020,000,0x0a0e
0x0a10,24,EG0528,EQ047,100,0x0a10
0x0a12,24,EG0542,EQ046,100,0x0a12
0x0a14,26,EG0539,EQ010,100,0x0a14
0x0a16,26,EG0525,EQ010,100,0x0a16
0x0a18,26,EG0669,EQ007,100,0x0a18
0x0a1a,28,EG0265,EQ004,100,0x0a1a
0x0a1c,24,EG0677,EQ043,100,0x0a1c
0x0a1e,26,EG0254,EQ040,100,0x0a1e
0x0a20,20,EG0798,EQ074,000,0x0a20
0x0a22,22,EG0544,EQ064,000,0x0a22
0x0a24,22,EG0804,EQ037,000,0x0a24
0x0a26,24,EG0527,EQ030,000,0x0a26
0x0a28,26,EG0253,EQ020,000,0x0a28
0x0a2a,26,EG0267,EQ019,000,0x0a2a
0x0a2c,24,EG0270,EQ053,000,0x0a2c
0x0a2e,24,EG0256,EQ054,000,0x0a2e
0x0a30,26,EG0336,EQ044,100,0x0a30
0x0a32,26,EG0387,EQ044,100,0x0a32
0x0a34,28,EG0384,EQ008,100,0x0a34
0x0a36,28,EG0333,EQ008,100,0x0a36
0x0a38,28,EG0590,EQ005,100,0x0a38
0x0a3a,30,EG0109,EQ002,100,0x0a3a
0x0a3c,26,EG0619,EQ041,100,0x0a3c
0x0a3e,28,EG0058,EQ018,100,0x0a3e
0x0a40,24,EG0338,EQ062,000,0x0a40
0x0a42,22,EG1001,EQ069,000,0x0a42
0x0a44,26,EG0386,EQ026,000,0x0a44
0x0a46,24,EG0973,EQ032,000,0x0a46
0x0a48,28,EG0057,EQ017,000,0x0a48
0x0a4a,28,EG0111,EQ016,000,0x0a4a
0x0a4c,26,EG0114,EQ019,000,0x0a4c
0x0a4e,26,EG0060,EQ020,000,0x0a4e
0x0a50,24,EG0528,EQ047,100,0x0a50
0x0a52,24,EG0542,EQ046,100,0x0a52
0x0a54,26,EG0539,EQ010,100,0x0a54
0x0a56,26,EG0525,EQ010,100,0x0a56
0x0a58,28,EG0251,EQ004,100,0x0a58
0x0a5a,26,EG0930,EQ007,100,0x0a5a
0x0a5c,26,EG0268,EQ040,100,0x0a5c
0x0a5e,24,EG0926,EQ043,100,0x0a5e
0x0a60,22,EG0530,EQ065,000,0x0a60
0x0a62,20,EG1058,EQ070,000,0x0a62
0x0a64,24,EG0541,EQ029,000,0x0a64
0x0a66,22,EG1052,EQ035,000,0x0a66
0x0a68,26,EG0253,EQ020,000,0x0a68
0x0a6a,26,EG0267,EQ019,000,0x0a6a
0x0a6c,24,EG0270,EQ053,000,0x0a6c
0x0a6e,24,EG0256,EQ054,000,0x0a6e
0x0a70,26,EG0336,EQ044,100,0x0a70
0x0a72,26,EG0387,EQ044,100,0x0a72
0x0a74,28,EG0384,EQ008,100,0x0a74
0x0a76,28,EG0333,EQ008,100,0x0a76
0x0a78,30,EG0055,EQ002,100,0x0a78
0x0a7a,28,EG0868,EQ005,100,0x0a7a
0x0a7c,28,EG0112,EQ018,100,0x0a7c
0x0a7e,26,EG0847,EQ041,100,0x0a7e
0x0a80,26,EG0284,EQ011,000,0x0a80
0x0a82,24,EG0940,EQ013,000,0x0a82
0x0a84,28,EG0281,EQ008,000,0x0a84
0x0a86,26,EG0937,EQ010,000,0x0a86
0x0a88,30,EG0003,EQ002,000,0x0a88
0x0a8a,30,EG0003,EQ002,000,0x0a8a
0x0a8c,28,EG0006,EQ004,000,0x0a8c
0x0a8e,28,EG0006,EQ004,000,0x0a8e
0x0a90,28,EG0282,EQ005,100,0x0a90
0x0a92,28,EG0282,EQ005,100,0x0a92
0x0a94,30,EG0279,EQ002,100,0x0a94
0x0a96,30,EG0279,EQ002,100,0x0a96
0x0a98,32,EG0001,EQ001,100,0x0a98
0x0a9a,30,EG0807,EQ003,100,0x0a9a
0x0a9c,30,EG0004,EQ003,100,0x0a9c
0x0a9e,28,EG0810,EQ006,100,0x0a9e
0x0aa0,26,EG0284,EQ011,000,0x0aa0
0x0aa2,24,EG0940,EQ013,000,0x0aa2
0x0aa4,28,EG0281,EQ008,000,0x0aa4
0x0aa6,26,EG0937,EQ010,000,0x0aa6
0x0aa8,30,EG0003,EQ002,000,0x0aa8
0x0aaa,30,EG0003,EQ002,000,0x0aaa
0x0aac,28,EG0006,EQ004,000,0x0aac
0x0aae,28,EG0006,EQ004,000,0x0aae
0x0ab0,28,EG0282,EQ005,100,0x0ab0
0x0ab2,28,EG0282,EQ005,100,0x0ab2
0x0ab4,30,EG0279,EQ002,100,0x0ab4
0x0ab6,30,EG0279,EQ002,100,0x0ab6
0x0ab8,32,EG0001,EQ001,100,0x0ab8
0x0aba,30,EG0807,EQ003,100,0x0aba
0x0abc,30,EG0004,EQ003,100,0x0abc
0x0abe,28,EG0810,EQ006,100,0x0abe
0x0ac0,24,EG0686,EQ015,000,0x0ac0
0x0ac2,26,EG0284,EQ011,000,0x0ac2
0x0ac4,26,EG0683,EQ010,000,0x0ac4
0x0ac6,28,EG0281,EQ008,000,0x0ac6
0x0ac8,30,EG0003,EQ002,000,0x0ac8
0x0aca,30,EG0003,EQ002,000,0x0aca
0x0acc,28,EG0006,EQ004,000,0x0acc
0x0ace,28,EG0006,EQ004,000,0x0ace
0x0ad0,28,EG0282,EQ005,100,0x0ad0
0x0ad2,28,EG0282,EQ005,100,0x0ad2
0x0ad4,30,EG0279,EQ002,100,0x0ad4
0x0ad6,30,EG0279,EQ002,100,0x0ad6
0x0ad8,30,EG0553,EQ003,100,0x0ad8
0x0ada,32,EG0001,EQ001,100,0x0ada
0x0adc,28,EG0556,EQ006,100,0x0adc
0x0ade,30,EG0004,EQ003,100,0x0ade
0x0ae0,24,EG0686,EQ015,000,0x0ae0
0x0ae2,26,EG0284,EQ011,000,0x0ae2
0x0ae4,26,EG0683,EQ010,000,0x0ae4
0x0ae6,28,EG0281,EQ008,000,0x0ae6
0x0ae8,30,EG0003,EQ002,000,0x0ae8
0x0aea,30,EG0003,EQ002,000,0x0aea
0x0aec,28,EG0006,EQ004,000,0x0aec
0x0aee,28,EG0006,EQ004,000,0x0aee
0x0af0,28,EG0282,EQ005,100,0x0af0
0x0af2,28,EG0282,EQ005,100,0x0af2
0x0af4,30,EG0279,EQ002,100,0x0af4
0x0af6,30,EG0279,EQ002,100,0x0af6
0x0af8,30,EG0553,EQ003,100,0x0af8
0x0afa,32,EG0001,EQ001,100,0x0afa
0x0afc,28,EG0556,EQ006,100,0x0afc
0x0afe,30,EG0004,EQ003,100,0x0afe
0x0b00,24,EG0594,EQ058,010,0x0b00
0x0b02,26,EG0114,EQ019,010,0x0b02
0x0b04,26,EG0618,EQ021,010,0x0b04
0x0b06,28,EG0057,EQ017,010,0x0b06
0x0b08,26,EG0335,EQ027,010,0x0b08
0x0b0a,26,EG0386,EQ026,010,0x0b0a
0x0b0c,24,EG0389,EQ061,010,0x0b0c
0x0b0e,24,EG0338,EQ062,010,0x0b0e
0x0b10,28,EG0058,EQ018,110,0x0b10
0x0b12,28,EG0112,EQ018,110,0x0b12
0x0b14,30,EG0109,EQ002,110,0x0b14
0x0b16,30,EG0055,EQ002,110,0x0b16
0x0b18,26,EG0717,EQ011,110,0x0b18
0x0b1a,28,EG0384,EQ008,110,0x0b1a
0x0b1c,24,EG0744,EQ048,110,0x0b1c
0x0b1e,26,EG0336,EQ044,110,0x0b1e
0x0b20,24,EG0594,EQ058,010,0x0b20
0x0b22,26,EG0114,EQ019,010,0x0b22
0x0b24,26,EG0618,EQ021,010,0x0b24
0x0b26,28,EG0057,EQ017,010,0x0b26
0x0b28,26,EG0335,EQ027,010,0x0b28
0x0b2a,26,EG0386,EQ026,010,0x0b2a
0x0b2c,24,EG0389,EQ061,010,0x0b2c
0x0b2e,24,EG0338,EQ062,010,0x0b2e
0x0b30,28,EG0058,EQ018,110,0x0b30
0x0b32,28,EG0112,EQ018,110,0x0b32
0x0b34,30,EG0109,EQ002,110,0x0b34
0x0b36,30,EG0055,EQ002,110,0x0b36
0x0b38,26,EG0717,EQ011,110,0x0b38
0x0b3a,28,EG0384,EQ008,110,0x0b3a
0x0b3c,24,EG0744,EQ048,110,0x0b3c
0x0b3e,26,EG0336,EQ044,110,0x0b3e
0x0b40,26,EG0060,EQ020,010,0x0b40
0x0b42,24,EG0872,EQ055,010,0x0b42
0x0b44,28,EG0111,EQ016,010,0x0b44
0x0b46,26,EG0846,EQ022,010,0x0b46
0x0b48,26,EG0335,EQ027,010,0x0b48
0x0b4a,26,EG0386,EQ026,010,0x0b4a
0x0b4c,24,EG0389,EQ061,010,0x0b4c
0x0b4e,24,EG0338,EQ062,010,0x0b4e
0x0b50,28,EG0058,EQ018,110,0x0b50
0x0b52,28,EG0112,EQ018,110,0x0b52
0x0b54,30,EG0109,EQ002,110,0x0b54
0x0b56,30,EG0055,EQ002,110,0x0b56
0x0b58,28,EG0333,EQ008,110,0x0b58
0x0b5a,26,EG0997,EQ011,110,0x0b5a
0x0b5c,26,EG0387,EQ044,110,0x0b5c
0x0b5e,24,EG0974,EQ048,110,0x0b5e
0x0b60,26,EG0060,EQ020,010,0x0b60
0x0b62,24,EG0872,EQ055,010,0x0b62
0x0b64,28,EG0111,EQ016,010,0x0b64
0x0b66,26,EG0846,EQ022,010,0x0b66
0x0b68,26,EG0335,EQ027,010,0x0b68
0x0b6a,26,EG0386,EQ026,010,0x0b6a
0x0b6c,24,EG0389,EQ061,010,0x0b6c
0x0b6e,24,EG0338,EQ062,010,0x0b6e
0x0b70,28,EG0058,EQ018,110,0x0b70
0x0b72,28,EG0112,EQ018,110,0x0b72
0x0b74,30,EG0109,EQ002,110,0x0b74
0x0b76,30,EG0055,EQ002,110,0x0b76
0x0b78,28,EG0333,EQ008,110,0x0b78
0x0b7a,26,EG0997,EQ011,110,0x0b7a
0x0b7c,26,EG0387,EQ044,110,0x0b7c
0x0b7e,24,EG0974,EQ048,110,0x0b7e
0x0b80,28,EG0006,EQ004,010,0x0b80
0x0b82,26,EG0812,EQ012,010,0x0b82
0x0b84,30,EG0003,EQ002,010,0x0b84
0x0b86,28,EG0809,EQ009,010,0x0b86
0x0b88,28,EG0281,EQ008,010,0x0b88
0x0b8a,28,EG0281,EQ008,010,0x0b8a
0x0b8c,26,EG0284,EQ011,010,0x0b8c
0x0b8e,26,EG0284,EQ011,010,0x0b8e
0x0b90,28,EG0240,EQ039,110,0x0b90
0x0b92,28,EG0240,EQ039,110,0x0b92
0x0b94,30,EG0237,EQ003,110,0x0b94
0x0b96,30,EG0237,EQ003,110,0x0b96
0x0b98,28,EG0511,EQ009,110,0x0b98
0x0b9a,26,EG1042,EQ012,110,0x0b9a
0x0b9c,26,EG0514,EQ045,110,0x0b9c
0x0b9e,24,EG1045,EQ049,110,0x0b9e
0x0ba0,26,EG0242,EQ040,010,0x0ba0
0x0ba2,24,EG0918,EQ056,010,0x0ba2
0x0ba4,28,EG0239,EQ018,010,0x0ba4
0x0ba6,26,EG0916,EQ023,010,0x0ba6
0x0ba8,26,EG0513,EQ028,010,0x0ba8
0x0baa,26,EG0513,EQ028,010,0x0baa
0x0bac,24,EG0516,EQ063,010,0x0bac
0x0bae,24,EG0516,EQ063,010,0x0bae
0x0bb0,30,EG0004,EQ003,110,0x0bb0
0x0bb2,30,EG0004,EQ003,110,0x0bb2
0x0bb4,32,EG0001,EQ001,110,0x0bb4
0x0bb6,32,EG0001,EQ001,110,0x0bb6
0x0bb8,30,EG0279,EQ002,110,0x0bb8
0x0bba,28,EG0935,EQ004,110,0x0bba
0x0bbc,28,EG0282,EQ005,110,0x0bbc
0x0bbe,26,EG0938,EQ007,110,0x0bbe
0x0bc0,26,EG0558,EQ014,010,0x0bc0
0x0bc2,28,EG0006,EQ004,010,0x0bc2
0x0bc4,28,EG0555,EQ009,010,0x0bc4
0x0bc6,30,EG0003,EQ002,010,0x0bc6
0x0bc8,28,EG0281,EQ008,010,0x0bc8
0x0bca,28,EG0281,EQ008,010,0x0bca
0x0bcc,26,EG0284,EQ011,010,0x0bcc
0x0bce,26,EG0284,EQ011,010,0x0bce
0x0bd0,28,EG0240,EQ039,110,0x0bd0
0x0bd2,28,EG0240,EQ039,110,0x0bd2
0x0bd4,30,EG0237,EQ003,110,0x0bd4
0x0bd6,30,EG0237,EQ003,110,0x0bd6
0x0bd8,26,EG0787,EQ014,110,0x0bd8
0x0bda,28,EG0511,EQ009,110,0x0bda
0x0bdc,24,EG0790,EQ051,110,0x0bdc
0x0bde,26,EG0514,EQ045,110,0x0bde
0x0be0,24,EG0664,EQ059,010,0x0be0
0x0be2,26,EG0242,EQ040,010,0x0be2
0x0be4,26,EG0662,EQ023,010,0x0be4
0x0be6,28,EG0239,EQ018,010,0x0be6
0x0be8,26,EG0513,EQ028,010,0x0be8
0x0bea,26,EG0513,EQ028,010,0x0bea
0x0bec,24,EG0516,EQ063,010,0x0bec
0x0bee,24,EG0516,EQ063,010,0x0bee
0x0bf0,30,EG0004,EQ003,110,0x0bf0
0x0bf2,30,EG0004,EQ003,110,0x0bf2
0x0bf4,32,EG0001,EQ001,110,0x0bf4
0x0bf6,32,EG0001,EQ001,110,0x0bf6
0x0bf8,28,EG0681,EQ004,110,0x0bf8
0x0bfa,30,EG0279,EQ002,110,0x0bfa
0x0bfc,26,EG0684,EQ007,110,0x0bfc
0x0bfe,28,EG0282,EQ005,110,0x0bfe
0x1000,22,EG0768,EQ087,001,0x1000
0x1002,24,EG0436,EQ077,001,0x1002
0x1004,20,EG0771,EQ115,001,0x1004
0x1006,22,EG0441,EQ099,001,0x1006
0x1008,24,EG0169,EQ047,001,0x1008
0x100a,24,EG0169,EQ047,001,0x100a
0x100c,26,EG0164,EQ044,001,0x100c
0x100e,26,EG0164,EQ044,001,0x100e
0x1010,28,EG0297,EQ016,101,0x1010
0x1012,28,EG0297,EQ016,101,0x1012
0x1014,26,EG0303,EQ021,101,0x1014
0x1016,26,EG0303,EQ021,101,0x1016
0x1018,26,EG0572,EQ023,101,0x1018
0x101a,28,EG0025,EQ009,101,0x101a
0x101c,28,EG0567,EQ018,101,0x101c
0x101e,30,EG0019,EQ002,101,0x101e
0x1020,24,EG0704,EQ030,001,0x1020
0x1022,26,EG0316,EQ027,001,0x1022
0x1024,22,EG0709,EQ038,001,0x1024
0x1026,24,EG0322,EQ032,001,0x1026
0x1028,26,EG0044,EQ010,001,0x1028
0x102a,26,EG0044,EQ010,001,0x102a
0x102c,28,EG0038,EQ008,001,0x102c
0x102e,28,EG0038,EQ008,001,0x102e
0x1030,26,EG0449,EQ022,101,0x1030
0x1032,26,EG0449,EQ022,101,0x1032
0x1034,24,EG0454,EQ102,101,0x1034
0x1036,24,EG0454,EQ102,101,0x1036
0x1038,24,EG0644,EQ095,101,0x1038
0x103a,26,EG0182,EQ045,101,0x103a
0x103c,26,EG0640,EQ041,101,0x103c
0x103e,28,EG0177,EQ005,101,0x103e
0x1040,24,EG0450,EQ078,001,0x1040
0x1042,22,EG1022,EQ092,001,0x1042
0x1044,22,EG0455,EQ104,001,0x1044
0x1046,20,EG1025,EQ120,001,0x1046
0x1048,24,EG0183,EQ046,001,0x1048
0x104a,24,EG0183,EQ046,001,0x104a
0x104c,26,EG0178,EQ044,001,0x104c
0x104e,26,EG0178,EQ044,001,0x104e
0x1050,28,EG0315,EQ017,101,0x1050
0x1052,28,EG0315,EQ017,101,0x1052
0x1054,26,EG0321,EQ022,101,0x1054
0x1056,26,EG0321,EQ022,101,0x1056
0x1058,28,EG0043,EQ009,101,0x1058
0x105a,26,EG0835,EQ023,101,0x105a
0x105c,30,EG0037,EQ002,101,0x105c
0x105e,28,EG0830,EQ018,101,0x105e
0x1060,26,EG0298,EQ026,001,0x1060
0x1062,24,EG0950,EQ029,001,0x1062
0x1064,24,EG0304,EQ031,001,0x1064
0x1066,22,EG0955,EQ034,001,0x1066
0x1068,26,EG0026,EQ010,001,0x1068
0x106a,26,EG0026,EQ010,001,0x106a
0x106c,28,EG0020,EQ008,001,0x106c
0x106e,28,EG0020,EQ008,001,0x106e
0x1070,26,EG0435,EQ021,101,0x1070
0x1072,26,EG0435,EQ021,101,0x1072
0x1074,24,EG0440,EQ097,101,0x1074
0x1076,24,EG0440,EQ097,101,0x1076
0x1078,26,EG0168,EQ045,101,0x1078
0x107a,24,EG0898,EQ095,101,0x107a
0x107c,28,EG0163,EQ005,101,0x107c
0x107e,26,EG0894,EQ041,101,0x107e
0x1080,24,EG0352,EQ082,001,0x1080
0x1082,22,EG1008,EQ086,001,0x1082
0x1084,22,EG0408,EQ085,001,0x1084
0x1086,20,EG0984,EQ088,001,0x1086
0x1088,24,EG0080,EQ029,001,0x1088
0x108a,24,EG0134,EQ030,001,0x108a
0x108c,26,EG0128,EQ027,001,0x108c
0x108e,26,EG0074,EQ026,001,0x108e
0x1090,26,EG0351,EQ026,101,0x1090
0x1092,26,EG0402,EQ026,101,0x1092
0x1094,24,EG0407,EQ077,101,0x1094
0x1096,24,EG0357,EQ077,101,0x1096
0x1098,26,EG0079,EQ028,101,0x1098
0x109a,24,EG0882,EQ079,101,0x109a
0x109c,28,EG0127,EQ008,101,0x109c
0x109e,26,EG0853,EQ044,101,0x109e
0x10a0,24,EG0369,EQ083,001,0x10a0
0x10a2,22,EG1017,EQ091,001,0x10a2
0x10a4,22,EG0425,EQ091,001,0x10a4
0x10a6,20,EG0993,EQ089,001,0x10a6
0x10a8,24,EG0098,EQ029,001,0x10a8
0x10aa,24,EG0152,EQ030,001,0x10aa
0x10ac,26,EG0146,EQ027,001,0x10ac
0x10ae,26,EG0092,EQ026,001,0x10ae
0x10b0,26,EG0368,EQ027,101,0x10b0
0x10b2,26,EG0418,EQ027,101,0x10b2
0x10b4,24,EG0424,EQ078,101,0x10b4
0x10b6,24,EG0373,EQ078,101,0x10b6
0x10b8,26,EG0097,EQ028,101,0x10b8
0x10ba,24,EG0889,EQ079,101,0x10ba
0x10bc,28,EG0145,EQ008,101,0x10bc
0x10be,26,EG0858,EQ044,101,0x10be
0x10c0,22,EG0733,EQ085,001,0x10c0
0x10c2,24,EG0419,EQ090,001,0x10c2
0x10c4,20,EG0761,EQ094,001,0x10c4
0x10c6,22,EG0374,EQ086,001,0x10c6
0x10c8,24,EG0098,EQ029,001,0x10c8
0x10ca,24,EG0152,EQ030,001,0x10ca
0x10cc,26,EG0146,EQ027,001,0x10cc
0x10ce,26,EG0092,EQ026,001,0x10ce
0x10d0,26,EG0368,EQ027,101,0x10d0
0x10d2,26,EG0418,EQ027,101,0x10d2
0x10d4,24,EG0424,EQ078,101,0x10d4
0x10d6,24,EG0373,EQ078,101,0x10d6
0x10d8,24,EG0613,EQ079,101,0x10d8
0x10da,26,EG0151,EQ028,101,0x10da
0x10dc,26,EG0635,EQ044,101,0x10dc
0x10de,28,EG0091,EQ008,101,0x10de
0x10e0,22,EG0728,EQ084,001,0x10e0
0x10e2,24,EG0403,EQ083,001,0x10e2
0x10e4,20,EG0753,EQ093,001,0x10e4
0x10e6,22,EG0358,EQ084,001,0x10e6
0x10e8,24,EG0080,EQ029,001,0x10e8
0x10ea,24,EG0134,EQ030,001,0x10ea
0x10ec,26,EG0128,EQ027,001,0x10ec
0x10ee,26,EG0074,EQ026,001,0x10ee
0x10f0,26,EG0351,EQ026,101,0x10f0
0x10f2,26,EG0402,EQ026,101,0x10f2
0x10f4,24,EG0407,EQ077,101,0x10f4
0x10f6,24,EG0357,EQ077,101,0x10f6
0x10f8,24,EG0604,EQ079,101,0x10f8
0x10fa,26,EG0133,EQ028,101,0x10fa
0x10fc,26,EG0625,EQ044,101,0x10fc
0x10fe,28,EG0073,EQ008,101,0x10fe
0x1100,26,EG0568,EQ028,011,0x1100
0x1102,28,EG0020,EQ008,011,0x1102
0x1104,24,EG0573,EQ036,011,0x1104
0x1106,26,EG0026,EQ010,011,0x1106
0x1108,24,EG0304,EQ031,011,0x1108
0x110a,24,EG0304,EQ031,011,0x110a
0x110c,26,EG0298,EQ026,011,0x110c
0x110e,26,EG0298,EQ026,011,0x110e
0x1110,30,EG0019,EQ002,111,0x1110
0x1112,30,EG0019,EQ002,111,0x1112
0x1114,28,EG0025,EQ009,111,0x1114
0x1116,28,EG0025,EQ009,111,0x1116
0x1118,24,EG0699,EQ024,111,0x1118
0x111a,26,EG0303,EQ021,111,0x111a
0x111c,26,EG0695,EQ019,111,0x111c
0x111e,28,EG0297,EQ016,111,0x111e
0x1120,26,EG0582,EQ028,011,0x1120
0x1122,28,EG0038,EQ008,011,0x1122
0x1124,24,EG0585,EQ036,011,0x1124
0x1126,26,EG0044,EQ010,011,0x1126
0x1128,24,EG0322,EQ032,011,0x1128
0x112a,24,EG0322,EQ032,011,0x112a
0x112c,26,EG0316,EQ027,011,0x112c
0x112e,26,EG0316,EQ027,011,0x112e
0x1130,30,EG0037,EQ002,111,0x1130
0x1132,30,EG0037,EQ002,111,0x1132
0x1134,28,EG0043,EQ009,111,0x1134
0x1136,28,EG0043,EQ009,111,0x1136
0x1138,24,EG0708,EQ025,111,0x1138
0x113a,26,EG0321,EQ022,111,0x113a
0x113c,26,EG0703,EQ020,111,0x113c
0x113e,28,EG0315,EQ017,111,0x113e
0x1140,28,EG0038,EQ008,011,0x1140
0x1142,26,EG0831,EQ028,011,0x1142
0x1144,26,EG0044,EQ010,011,0x1144
0x1146,24,EG0836,EQ033,011,0x1146
0x1148,24,EG0322,EQ032,011,0x1148
0x114a,24,EG0322,EQ032,011,0x114a
0x114c,26,EG0316,EQ027,011,0x114c
0x114e,26,EG0316,EQ027,011,0x114e
0x1150,30,EG0037,EQ002,111,0x1150
0x1152,30,EG0037,EQ002,111,0x1152
0x1154,28,EG0043,EQ009,111,0x1154
0x1156,28,EG0043,EQ009,111,0x1156
0x1158,26,EG0321,EQ022,111,0x1158
0x115a,24,EG0967,EQ025,111,0x115a
0x115c,28,EG0315,EQ017,111,0x115c
0x115e,26,EG0963,EQ020,111,0x115e
0x1160,28,EG0020,EQ008,011,0x1160
0x1162,26,EG0822,EQ028,011,0x1162
0x1164,26,EG0026,EQ010,011,0x1164
0x1166,24,EG0825,EQ033,011,0x1166
0x1168,24,EG0304,EQ031,011,0x1168
0x116a,24,EG0304,EQ031,011,0x116a
0x116c,26,EG0298,EQ026,011,0x116c
0x116e,26,EG0298,EQ026,011,0x116e
0x1170,30,EG0019,EQ002,111,0x1170
0x1172,30,EG0019,EQ002,111,0x1172
0x1174,28,EG0025,EQ009,111,0x1174
0x1176,28,EG0025,EQ009,111,0x1176
0x1178,26,EG0303,EQ021,111,0x1178
0x117a,24,EG0954,EQ024,111,0x117a
0x117c,28,EG0297,EQ016,111,0x117c
0x117e,26,EG0949,EQ019,111,0x117e
0x1180,24,EG0192,EQ061,011,0x1180
0x1182,22,EG0910,EQ081,011,0x1182
0x1184,22,EG0220,EQ065,011,0x1184
0x1186,20,EG0905,EQ108,011,0x1186
0x1188,20,EG0467,EQ113,011,0x1188
0x118a,20,EG0493,EQ112,011,0x118a
0x118c,22,EG0488,EQ085,011,0x118c
0x118e,22,EG0464,EQ084,011,0x118e
0x1190,28,EG0073,EQ008,111,0x1190
0x1192,28,EG0127,EQ008,111,0x1192
0x1194,26,EG0133,EQ028,111,0x1194
0x1196,26,EG0079,EQ028,111,0x1196
0x1198,24,EG0357,EQ077,111,0x1198
0x119a,22,EG1011,EQ080,111,0x119a
0x119c,26,EG0402,EQ026,111,0x119c
0x119e,24,EG0980,EQ061,111,0x119e
0x11a0,26,EG0092,EQ026,011,0x11a0
0x11a2,24,EG0886,EQ078,011,0x11a2
0x11a4,24,EG0152,EQ030,011,0x11a4
0x11a6,22,EG0862,EQ087,011,0x11a6
0x11a8,22,EG0374,EQ086,011,0x11a8
0x11aa,22,EG0425,EQ091,011,0x11aa
0x11ac,24,EG0419,EQ090,011,0x11ac
0x11ae,24,EG0369,EQ083,011,0x11ae
0x11b0,26,EG0201,EQ011,111,0x11b0
0x11b2,26,EG0227,EQ011,111,0x11b2
0x11b4,24,EG0231,EQ066,111,0x11b4
0x11b6,24,EG0206,EQ063,111,0x11b6
0x11b8,22,EG0479,EQ103,111,0x11b8
0x11ba,20,EG1039,EQ106,111,0x11ba
0x11bc,24,EG0500,EQ032,111,0x11bc
0x11be,22,EG1030,EQ073,111,0x11be
0x11c0,22,EG0649,EQ080,011,0x11c0
0x11c2,24,EG0228,EQ062,011,0x11c2
0x11c4,20,EG0656,EQ110,011,0x11c4
0x11c6,22,EG0207,EQ064,011,0x11c6
0x11c8,20,EG0480,EQ117,011,0x11c8
0x11ca,20,EG0504,EQ118,011,0x11ca
0x11cc,22,EG0501,EQ091,011,0x11cc
0x11ce,22,EG0475,EQ086,011,0x11ce
0x11d0,28,EG0091,EQ008,111,0x11d0
0x11d2,28,EG0145,EQ008,111,0x11d2
0x11d4,26,EG0151,EQ028,111,0x11d4
0x11d6,26,EG0097,EQ028,111,0x11d6
0x11d8,22,EG0736,EQ081,111,0x11d8
0x11da,24,EG0424,EQ078,111,0x11da
0x11dc,24,EG0757,EQ062,111,0x11dc
0x11de,26,EG0368,EQ027,111,0x11de
0x11e0,24,EG0601,EQ077,011,0x11e0
0x11e2,26,EG0128,EQ027,011,0x11e2
0x11e4,22,EG0629,EQ092,011,0x11e4
0x11e6,24,EG0080,EQ029,011,0x11e6
0x11e8,22,EG0358,EQ084,011,0x11e8
0x11ea,22,EG0408,EQ085,011,0x11ea
0x11ec,24,EG0403,EQ083,011,0x11ec
0x11ee,24,EG0352,EQ082,011,0x11ee
0x11f0,26,EG0191,EQ011,111,0x11f0
0x11f2,26,EG0214,EQ011,111,0x11f2
0x11f4,24,EG0219,EQ063,111,0x11f4
0x11f6,24,EG0195,EQ066,111,0x11f6
0x11f8,20,EG0780,EQ101,111,0x11f8
0x11fa,22,EG0492,EQ098,111,0x11fa
0x11fc,22,EG0782,EQ069,111,0x11fc
0x11fe,24,EG0463,EQ031,111,0x11fe
0x1200,22,EG0769,EQ087,001,0x1200
0x1202,24,EG0437,EQ077,001,0x1202
0x1204,20,EG0772,EQ114,001,0x1204
0x1206,22,EG0442,EQ098,001,0x1206
0x1208,24,EG0170,EQ046,001,0x1208
0x120a,24,EG0170,EQ046,001,0x120a
0x120c,26,EG0165,EQ044,001,0x120c
0x120e,26,EG0165,EQ044,001,0x120e
0x1210,28,EG0297,EQ016,101,0x1210
0x1212,28,EG0297,EQ016,101,0x1212
0x1214,26,EG0303,EQ021,101,0x1214
0x1216,26,EG0303,EQ021,101,0x1216
0x1218,26,EG0572,EQ023,101,0x1218
0x121a,28,EG0025,EQ009,101,0x121a
0x121c,28,EG0567,EQ018,101,0x121c
0x121e,30,EG0019,EQ002,101,0x121e
0x1220,24,EG0705,EQ030,001,0x1220
0x1222,26,EG0317,EQ027,001,0x1222
0x1224,22,EG0710,EQ035,001,0x1224
0x1226,24,EG0323,EQ032,001,0x1226
0x1228,26,EG0045,EQ010,001,0x1228
0x122a,26,EG0045,EQ010,001,0x122a
0x122c,28,EG0039,EQ008,001,0x122c
0x122e,28,EG0039,EQ008,001,0x122e
0x1230,26,EG0449,EQ022,101,0x1230
0x1232,26,EG0449,EQ022,101,0x1232
0x1234,24,EG0454,EQ102,101,0x1234
0x1236,24,EG0454,EQ102,101,0x1236
0x1238,24,EG0644,EQ095,101,0x1238
0x123a,26,EG0182,EQ045,101,0x123a
0x123c,26,EG0640,EQ041,101,0x123c
0x123e,28,EG0177,EQ005,101,0x123e
0x1240,24,EG0451,EQ078,001,0x1240
0x1242,22,EG1023,EQ092,001,0x1242
0x1244,22,EG0456,EQ103,001,0x1244
0x1246,20,EG1026,EQ122,001,0x1246
0x1248,24,EG0184,EQ047,001,0x1248
0x124a,24,EG0184,EQ047,001,0x124a
0x124c,26,EG0179,EQ044,001,0x124c
0x124e,26,EG0179,EQ044,001,0x124e
0x1250,28,EG0315,EQ017,101,0x1250
0x1252,28,EG0315,EQ017,101,0x1252
0x1254,26,EG0321,EQ022,101,0x1254
0x1256,26,EG0321,EQ022,101,0x1256
0x1258,28,EG0043,EQ009,101,0x1258
0x125a,26,EG0835,EQ023,101,0x125a
0x125c,30,EG0037,EQ002,101,0x125c
0x125e,28,EG0830,EQ018,101,0x125e
0x1260,26,EG0299,EQ026,001,0x1260
0x1262,24,EG0951,EQ029,001,0x1262
0x1264,24,EG0305,EQ031,001,0x1264
0x1266,22,EG0956,EQ037,001,0x1266
0x1268,26,EG0027,EQ010,001,0x1268
0x126a,26,EG0027,EQ010,001,0x126a
0x126c,28,EG0021,EQ008,001,0x126c
0x126e,28,EG0021,EQ008,001,0x126e
0x1270,26,EG0435,EQ021,101,0x1270
0x1272,26,EG0435,EQ021,101,0x1272
0x1274,24,EG0440,EQ097,101,0x1274
0x1276,24,EG0440,EQ097,101,0x1276
0x1278,26,EG0168,EQ045,101,0x1278
0x127a,24,EG0898,EQ095,101,0x127a
0x127c,28,EG0163,EQ005,101,0x127c
0x127e,26,EG0894,EQ041,101,0x127e
0x1280,24,EG0353,EQ083,001,0x1280
0x1282,22,EG1009,EQ084,001,0x1282
0x1284,22,EG0409,EQ084,001,0x1284
0x1286,20,EG0985,EQ093,001,0x1286
0x1288,24,EG0081,EQ030,001,0x1288
0x128a,24,EG0135,EQ029,001,0x128a
0x128c,26,EG0129,EQ026,001,0x128c
0x128e,26,EG0075,EQ027,001,0x128e
0x1290,26,EG0351,EQ026,101,0x1290
0x1292,26,EG0402,EQ026,101,0x1292
0x1294,24,EG0407,EQ077,101,0x1294
0x1296,24,EG0357,EQ077,101,0x1296
0x1298,26,EG0079,EQ028,101,0x1298
0x129a,24,EG0882,EQ079,101,0x129a
0x129c,28,EG0127,EQ008,101,0x129c
0x129e,26,EG0853,EQ044,101,0x129e
0x12a0,24,EG0370,EQ090,001,0x12a0
0x12a2,22,EG1018,EQ085,001,0x12a2
0x12a4,22,EG0426,EQ086,001,0x12a4
0x12a6,20,EG0994,EQ094,001,0x12a6
0x12a8,24,EG0099,EQ030,001,0x12a8
0x12aa,24,EG0153,EQ029,001,0x12aa
0x12ac,26,EG0147,EQ026,001,0x12ac
0x12ae,26,EG0093,EQ027,001,0x12ae
0x12b0,26,EG0368,EQ027,101,0x12b0
0x12b2,26,EG0418,EQ027,101,0x12b2
0x12b4,24,EG0424,EQ078,101,0x12b4
0x12b6,24,EG0373,EQ078,101,0x12b6
0x12b8,26,EG0097,EQ028,101,0x12b8
0x12ba,24,EG0889,EQ079,101,0x12ba
0x12bc,28,EG0145,EQ008,101,0x12bc
0x12be,26,EG0858,EQ044,101,0x12be
0x12c0,22,EG0734,EQ091,001,0x12c0
0x12c2,24,EG0420,EQ083,001,0x12c2
0x12c4,20,EG0762,EQ089,001,0x12c4
0x12c6,22,EG0375,EQ091,001,0x12c6
0x12c8,24,EG0099,EQ030,001,0x12c8
0x12ca,24,EG0153,EQ029,001,0x12ca
0x12cc,26,EG0147,EQ026,001,0x12cc
0x12ce,26,EG0093,EQ027,001,0x12ce
0x12d0,26,EG0368,EQ027,101,0x12d0
0x12d2,26,EG0418,EQ027,101,0x12d2
0x12d4,24,EG0424,EQ078,101,0x12d4
0x12d6,24,EG0373,EQ078,101,0x12d6
0x12d8,24,EG0613,EQ079,101,0x12d8
0x12da,26,EG0151,EQ028,101,0x12da
0x12dc,26,EG0635,EQ044,101,0x12dc
0x12de,28,EG0091,EQ008,101,0x12de
0x12e0,22,EG0729,EQ086,001,0x12e0
0x12e2,24,EG0404,EQ082,001,0x12e2
0x12e4,20,EG0754,EQ088,001,0x12e4
0x12e6,22,EG0359,EQ085,001,0x12e6
0x12e8,24,EG0081,EQ030,001,0x12e8
0x12ea,24,EG0135,EQ029,001,0x12ea
0x12ec,26,EG0129,EQ026,001,0x12ec
0x12ee,26,EG0075,EQ027,001,0x12ee
0x12f0,26,EG0351,EQ026,101,0x12f0
0x12f2,26,EG0402,EQ026,101,0x12f2
0x12f4,24,EG0407,EQ077,101,0x12f4
0x12f6,24,EG0357,EQ077,101,0x12f6
0x12f8,24,EG0604,EQ079,101,0x12f8
0x12fa,26,EG0133,EQ028,101,0x12fa
0x12fc,26,EG0625,EQ044,101,0x12fc
0x12fe,28,EG0073,EQ008,101,0x12fe
0x1300,26,EG0569,EQ028,011,0x1300
0x1302,28,EG0021,EQ008,011,0x1302
0x1304,24,EG0574,EQ033,011,0x1304
0x1306,26,EG0027,EQ010,011,0x1306
0x1308,24,EG0305,EQ031,011,0x1308
0x130a,24,EG0305,EQ031,011,0x130a
0x130c,26,EG0299,EQ026,011,0x130c
0x130e,26,EG0299,EQ026,011,0x130e
0x1310,30,EG0019,EQ002,111,0x1310
0x1312,30,EG0019,EQ002,111,0x1312
0x1314,28,EG0025,EQ009,111,0x1314
0x1316,28,EG0025,EQ009,111,0x1316
0x1318,24,EG0699,EQ024,111,0x1318
0x131a,26,EG0303,EQ021,111,0x131a
0x131c,26,EG0695,EQ019,111,0x131c
0x131e,28,EG0297,EQ016,111,0x131e
0x1320,26,EG0583,EQ028,011,0x1320
0x1322,28,EG0039,EQ008,011,0x1322
0x1324,24,EG0586,EQ033,011,0x1324
0x1326,26,EG0045,EQ010,011,0x1326
0x1328,24,EG0323,EQ032,011,0x1328
0x132a,24,EG0323,EQ032,011,0x132a
0x132c,26,EG0317,EQ027,011,0x132c
0x132e,26,EG0317,EQ027,011,0x132e
0x1330,30,EG0037,EQ002,111,0x1330
0x1332,30,EG0037,EQ002,111,0x1332
0x1334,28,EG0043,EQ009,111,0x1334
0x1336,28,EG0043,EQ009,111,0x1336
0x1338,24,EG0708,EQ025,111,0x1338
0x133a,26,EG0321,EQ022,111,0x133a
0x133c,26,EG0703,EQ020,111,0x133c
0x133e,28,EG0315,EQ017,111,0x133e
0x1340,28,EG0039,EQ008,011,0x1340
0x1342,26,EG0832,EQ028,011,0x1342
0x1344,26,EG0045,EQ010,011,0x1344
0x1346,24,EG0837,EQ036,011,0x1346
0x1348,24,EG0323,EQ032,011,0x1348
0x134a,24,EG0323,EQ032,011,0x134a
0x134c,26,EG0317,EQ027,011,0x134c
0x134e,26,EG0317,EQ027,011,0x134e
0x1350,30,EG0037,EQ002,111,0x1350
0x1352,30,EG0037,EQ002,111,0x1352
0x1354,28,EG0043,EQ009,111,0x1354
0x1356,28,EG0043,EQ009,111,0x1356
0x1358,26,EG0321,EQ022,111,0x1358
0x135a,24,EG0967,EQ025,111,0x135a
0x135c,28,EG0315,EQ017,111,0x135c
0x135e,26,EG0963,EQ020,111,0x135e
0x1360,28,EG0021,EQ008,011,0x1360
0x1362,26,EG0823,EQ028,011,0x1362
0x1364,26,EG0027,EQ010,011,0x1364
0x1366,24,EG0826,EQ036,011,0x1366
0x1368,24,EG0305,EQ031,011,0x1368
0x136a,24,EG0305,EQ031,011,0x136a
0x136c,26,EG0299,EQ026,011,0x136c
0x136e,26,EG0299,EQ026,011,0x136e
0x1370,30,EG0019,EQ002,111,0x1370
0x1372,30,EG0019,EQ002,111,0x1372
0x1374,28,EG0025,EQ009,111,0x1374
0x1376,28,EG0025,EQ009,111,0x1376
0x1378,26,EG0303,EQ021,111,0x1378
0x137a,24,EG0954,EQ024,111,0x137a
0x137c,28,EG0297,EQ016,111,0x137c
0x137e,26,EG0949,EQ019,111,0x137e
0x1380,24,EG0193,EQ062,011,0x1380
0x1382,22,EG0911,EQ080,011,0x1382
0x1384,22,EG0221,EQ064,011,0x1384
0x1386,20,EG0906,EQ110,011,0x1386
0x1388,20,EG0468,EQ112,011,0x1388
0x138a,20,EG0494,EQ111,011,0x138a
0x138c,22,EG0489,EQ084,011,0x138c
0x138e,22,EG0465,EQ085,011,0x138e
0x1390,28,EG0073,EQ008,111,0x1390
0x1392,28,EG0127,EQ008,111,0x1392
0x1394,26,EG0133,EQ028,111,0x1394
0x1396,26,EG0079,EQ028,111,0x1396
0x1398,24,EG0357,EQ077,111,0x1398
0x139a,22,EG1011,EQ080,111,0x139a
0x139c,26,EG0402,EQ026,111,0x139c
0x139e,24,EG0980,EQ061,111,0x139e
0x13a0,26,EG0093,EQ027,011,0x13a0
0x13a2,24,EG0887,EQ077,011,0x13a2
0x13a4,24,EG0153,EQ029,011,0x13a4
0x13a6,22,EG0863,EQ092,011,0x13a6
0x13a8,22,EG0375,EQ091,011,0x13a8
0x13aa,22,EG0426,EQ086,011,0x13aa
0x13ac,24,EG0420,EQ083,011,0x13ac
0x13ae,24,EG0370,EQ090,011,0x13ae
0x13b0,26,EG0201,EQ011,111,0x13b0
0x13b2,26,EG0227,EQ011,111,0x13b2
0x13b4,24,EG0231,EQ066,111,0x13b4
0x13b6,24,EG0206,EQ063,111,0x13b6
0x13b8,22,EG0479,EQ103,111,0x13b8
0x13ba,20,EG1039,EQ106,111,0x13ba
0x13bc,24,EG0500,EQ032,111,0x13bc
0x13be,22,EG1030,EQ073,111,0x13be
0x13c0,22,EG0650,EQ081,011,0x13c0
0x13c2,24,EG0229,EQ061,011,0x13c2
0x13c4,20,EG0657,EQ108,011,0x13c4
0x13c6,22,EG0208,EQ065,011,0x13c6
0x13c8,20,EG0481,EQ119,011,0x13c8
0x13ca,20,EG0505,EQ117,011,0x13ca
0x13cc,22,EG0502,EQ086,011,0x13cc
0x13ce,22,EG0476,EQ091,011,0x13ce
0x13d0,28,EG0091,EQ008,111,0x13d0
0x13d2,28,EG0145,EQ008,111,0x13d2
0x13d4,26,EG0151,EQ028,111,0x13d4
0x13d6,26,EG0097,EQ028,111,0x13d6
0x13d8,22,EG0736,EQ081,111,0x13d8
0x13da,24,EG0424,EQ078,111,0x13da
0x13dc,24,EG0757,EQ062,111,0x13dc
0x13de,26,EG0368,EQ027,111,0x13de
0x13e0,24,EG0602,EQ078,011,0x13e0
0x13e2,26,EG0129,EQ026,011,0x13e2
0x13e4,22,EG0630,EQ087,011,0x13e4
0x13e6,24,EG0081,EQ030,011,0x13e6
0x13e8,22,EG0359,EQ085,011,0x13e8
0x13ea,22,EG0409,EQ084,011,0x13ea
0x13ec,24,EG0404,EQ082,011,0x13ec
0x13ee,24,EG0353,EQ083,011,0x13ee
0x13f0,26,EG0191,EQ011,111,0x13f0
0x13f2,26,EG0214,EQ011,111,0x13f2
0x13f4,24,EG0219,EQ063,111,0x13f4
0x13f6,24,EG0195,EQ066,111,0x13f6
0x13f8,20,EG0780,EQ101,111,0x13f8
0x13fa,22,EG0492,EQ098,111,0x13fa
0x13fc,22,EG0782,EQ069,111,0x13fc
0x13fe,24,EG0463,EQ031,111,0x13fe
0x1800,24,EG0690,EQ046,001,0x1800
0x1802,26,EG0289,EQ044,001,0x1802
0x1804,22,EG0692,EQ052,001,0x1804
0x1806,24,EG0292,EQ048,001,0x1806
0x1808,26,EG0014,EQ007,001,0x1808
0x180a,26,EG0014,EQ007,001,0x180a
0x180c,28,EG0011,EQ005,001,0x180c
0x180e,28,EG0011,EQ005,001,0x180e
0x1810,26,EG0519,EQ023,101,0x1810
0x1812,26,EG0519,EQ023,101,0x1812
0x1814,24,EG0521,EQ095,101,0x1814
0x1816,24,EG0521,EQ095,101,0x1816
0x1818,24,EG0667,EQ123,101,0x1818
0x181a,26,EG0247,EQ042,101,0x181a
0x181c,26,EG0666,EQ042,101,0x181c
0x181e,28,EG0245,EQ006,101,0x181e
0x1820,22,EG0792,EQ109,001,0x1820
0x1822,24,EG0520,EQ079,001,0x1822
0x1824,20,EG0793,EQ125,001,0x1824
0x1826,22,EG0522,EQ096,001,0x1826
0x1828,24,EG0248,EQ043,001,0x1828
0x182a,24,EG0248,EQ043,001,0x182a
0x182c,26,EG0246,EQ041,001,0x182c
0x182e,26,EG0246,EQ041,001,0x182e
0x1830,28,EG0288,EQ018,101,0x1830
0x1832,28,EG0288,EQ018,101,0x1832
0x1834,26,EG0291,EQ041,101,0x1834
0x1836,26,EG0291,EQ041,101,0x1836
0x1838,26,EG0563,EQ042,101,0x1838
0x183a,28,EG0013,EQ006,101,0x183a
0x183c,28,EG0561,EQ039,101,0x183c
0x183e,30,EG0010,EQ003,101,0x183e
0x1840,26,EG0289,EQ044,001,0x1840
0x1842,24,EG0944,EQ047,001,0x1842
0x1844,24,EG0292,EQ048,001,0x1844
0x1846,22,EG0946,EQ050,001,0x1846
0x1848,26,EG0014,EQ007,001,0x1848
0x184a,26,EG0014,EQ007,001,0x184a
0x184c,28,EG0011,EQ005,001,0x184c
0x184e,28,EG0011,EQ005,001,0x184e
0x1850,26,EG0519,EQ023,101,0x1850
0x1852,26,EG0519,EQ023,101,0x1852
0x1854,24,EG0521,EQ095,101,0x1854
0x1856,24,EG0521,EQ095,101,0x1856
0x1858,26,EG0247,EQ042,101,0x1858
0x185a,24,EG0921,EQ124,101,0x185a
0x185c,28,EG0245,EQ006,101,0x185c
0x185e,26,EG0920,EQ042,101,0x185e
0x1860,24,EG0520,EQ079,001,0x1860
0x1862,22,EG1047,EQ107,001,0x1862
0x1864,22,EG0522,EQ096,001,0x1864
0x1866,20,EG1048,EQ126,001,0x1866
0x1868,24,EG0248,EQ043,001,0x1868
0x186a,24,EG0248,EQ043,001,0x186a
0x186c,26,EG0246,EQ041,001,0x186c
0x186e,26,EG0246,EQ041,001,0x186e
0x1870,28,EG0288,EQ018,101,0x1870
0x1872,28,EG0288,EQ018,101,0x1872
0x1874,26,EG0291,EQ041,101,0x1874
0x1876,26,EG0291,EQ041,101,0x1876
0x1878,28,EG0013,EQ006,101,0x1878
0x187a,26,EG0817,EQ042,101,0x187a
0x187c,30,EG0010,EQ003,101,0x187c
0x187e,28,EG0815,EQ039,101,0x187e
0x1880,24,EG0343,EQ077,001,0x1880
0x1882,22,EG1003,EQ103,001,0x1882
0x1884,22,EG0397,EQ081,001,0x1884
0x1886,20,EG0977,EQ101,001,0x1886
0x1888,24,EG0068,EQ024,001,0x1888
0x188a,24,EG0122,EQ025,001,0x188a
0x188c,26,EG0119,EQ022,001,0x188c
0x188e,26,EG0065,EQ021,001,0x188e
0x1890,26,EG0342,EQ028,101,0x1890
0x1892,26,EG0393,EQ028,101,0x1892
0x1894,24,EG0396,EQ079,101,0x1894
0x1896,24,EG0345,EQ079,101,0x1896
0x1898,26,EG0067,EQ023,101,0x1898
0x189a,24,EG0875,EQ095,101,0x189a
0x189c,28,EG0118,EQ009,101,0x189c
0x189e,26,EG0849,EQ045,101,0x189e
0x18a0,24,EG0343,EQ077,001,0x18a0
0x18a2,22,EG1003,EQ103,001,0x18a2
0x18a4,22,EG0397,EQ081,001,0x18a4
0x18a6,20,EG0977,EQ101,001,0x18a6
0x18a8,24,EG0068,EQ024,001,0x18a8
0x18aa,24,EG0122,EQ025,001,0x18aa
0x18ac,26,EG0119,EQ022,001,0x18ac
0x18ae,26,EG0065,EQ021,001,0x18ae
0x18b0,26,EG0342,EQ028,101,0x18b0
0x18b2,26,EG0393,EQ028,101,0x18b2
0x18b4,24,EG0396,EQ079,101,0x18b4
0x18b6,24,EG0345,EQ079,101,0x18b6
0x18b8,26,EG0067,EQ023,101,0x18b8
0x18ba,24,EG0875,EQ095,101,0x18ba
0x18bc,28,EG0118,EQ009,101,0x18bc
0x18be,26,EG0849,EQ045,101,0x18be
0x18c0,22,EG0723,EQ098,001,0x18c0
0x18c2,24,EG0394,EQ078,001,0x18c2
0x18c4,20,EG0747,EQ106,001,0x18c4
0x18c6,22,EG0346,EQ080,001,0x18c6
0x18c8,24,EG0068,EQ024,001,0x18c8
0x18ca,24,EG0122,EQ025,001,0x18ca
0x18cc,26,EG0119,EQ022,001,0x18cc
0x18ce,26,EG0065,EQ021,001,0x18ce
0x18d0,26,EG0342,EQ028,101,0x18d0
0x18d2,26,EG0393,EQ028,101,0x18d2
0x18d4,24,EG0396,EQ079,101,0x18d4
0x18d6,24,EG0345,EQ079,101,0x18d6
0x18d8,24,EG0597,EQ095,101,0x18d8
0x18da,26,EG0121,EQ023,101,0x18da
0x18dc,26,EG0621,EQ045,101,0x18dc
0x18de,28,EG0064,EQ009,101,0x18de
0x18e0,22,EG0723,EQ098,001,0x18e0
0x18e2,24,EG0394,EQ078,001,0x18e2
0x18e4,20,EG0747,EQ106,001,0x18e4
0x18e6,22,EG0346,EQ080,001,0x18e6
0x18e8,24,EG0068,EQ024,001,0x18e8
0x18ea,24,EG0122,EQ025,001,0x18ea
0x18ec,26,EG0119,EQ022,001,0x18ec
0x18ee,26,EG0065,EQ021,001,0x18ee
0x18f0,26,EG0342,EQ028,101,0x18f0
0x18f2,26,EG0393,EQ028,101,0x18f2
0x18f4,24,EG0396,EQ079,101,0x18f4
0x18f6,24,EG0345,EQ079,101,0x18f6
0x18f8,24,EG0597,EQ095,101,0x18f8
0x18fa,26,EG0121,EQ023,101,0x18fa
0x18fc,26,EG0621,EQ045,101,0x18fc
0x18fe,28,EG0064,EQ009,101,0x18fe
0x1900,28,EG0554,EQ009,011,0x1900
0x1902,30,EG0002,EQ002,011,0x1902
0x1904,26,EG0560,EQ014,011,0x1904
0x1906,28,EG0008,EQ004,011,0x1906
0x1908,26,EG0286,EQ011,011,0x1908
0x190a,26,EG0286,EQ011,011,0x190a
0x190c,28,EG0280,EQ008,011,0x190c
0x190e,28,EG0280,EQ008,011,0x190e
0x1910,32,EG0001,EQ001,111,0x1910
0x1912,32,EG0001,EQ001,111,0x1912
0x1914,30,EG0007,EQ003,111,0x1914
0x1916,30,EG0007,EQ003,111,0x1916
0x1918,26,EG0687,EQ007,111,0x1918
0x191a,28,EG0285,EQ005,111,0x191a
0x191c,28,EG0681,EQ004,111,0x191c
0x191e,30,EG0279,EQ002,111,0x191e
0x1920,28,EG0554,EQ009,011,0x1920
0x1922,30,EG0002,EQ002,011,0x1922
0x1924,26,EG0560,EQ014,011,0x1924
0x1926,28,EG0008,EQ004,011,0x1926
0x1928,26,EG0286,EQ011,011,0x1928
0x192a,26,EG0286,EQ011,011,0x192a
0x192c,28,EG0280,EQ008,011,0x192c
0x192e,28,EG0280,EQ008,011,0x192e
0x1930,32,EG0001,EQ001,111,0x1930
0x1932,32,EG0001,EQ001,111,0x1932
0x1934,30,EG0007,EQ003,111,0x1934
0x1936,30,EG0007,EQ003,111,0x1936
0x1938,26,EG0687,EQ007,111,0x1938
0x193a,28,EG0285,EQ005,111,0x193a
0x193c,28,EG0681,EQ004,111,0x193c
0x193e,30,EG0279,EQ002,111,0x193e
0x1940,30,EG0002,EQ002,011,0x1940
0x1942,28,EG0808,EQ009,011,0x1942
0x1944,28,EG0008,EQ004,011,0x1944
0x1946,26,EG0814,EQ012,011,0x1946
0x1948,26,EG0286,EQ011,011,0x1948
0x194a,26,EG0286,EQ011,011,0x194a
0x194c,28,EG0280,EQ008,011,0x194c
0x194e,28,EG0280,EQ008,011,0x194e
0x1950,32,EG0001,EQ001,111,0x1950
0x1952,32,EG0001,EQ001,111,0x1952
0x1954,30,EG0007,EQ003,111,0x1954
0x1956,30,EG0007,EQ003,111,0x1956
0x1958,28,EG0285,EQ005,111,0x1958
0x195a,26,EG0941,EQ007,111,0x195a
0x195c,30,EG0279,EQ002,111,0x195c
0x195e,28,EG0935,EQ004,111,0x195e
0x1960,30,EG0002,EQ002,011,0x1960
0x1962,28,EG0808,EQ009,011,0x1962
0x1964,28,EG0008,EQ004,011,0x1964
0x1966,26,EG0814,EQ012,011,0x1966
0x1968,26,EG0286,EQ011,011,0x1968
0x196a,26,EG0286,EQ011,011,0x196a
0x196c,28,EG0280,EQ008,011,0x196c
0x196e,28,EG0280,EQ008,011,0x196e
0x1970,32,EG0001,EQ001,111,0x1970
0x1972,32,EG0001,EQ001,111,0x1972
0x1974,30,EG0007,EQ003,111,0x1974
0x1976,30,EG0007,EQ003,111,0x1976
0x1978,28,EG0285,EQ005,111,0x1978
0x197a,26,EG0941,EQ007,111,0x197a
0x197c,30,EG0279,EQ002,111,0x197c
0x197e,28,EG0935,EQ004,111,0x197e
0x1980,28,EG0056,EQ016,011,0x1980
0x1982,26,EG0869,EQ022,011,0x1982
0x1984,26,EG0116,EQ020,011,0x1984
0x1986,24,EG0848,EQ055,011,0x1986
0x1988,24,EG0340,EQ061,011,0x1988
0x198a,24,EG0391,EQ062,011,0x198a
0x198c,26,EG0385,EQ027,011,0x198c
0x198e,26,EG0334,EQ026,011,0x198e
0x1990,28,EG0251,EQ004,111,0x1990
0x1992,28,EG0265,EQ004,111,0x1992
0x1994,26,EG0271,EQ040,111,0x1994
0x1996,26,EG0257,EQ040,111,0x1996
0x1998,24,EG0531,EQ046,111,0x1998
0x199a,22,EG1059,EQ050,111,0x199a
0x199c,26,EG0539,EQ010,111,0x199c
0x199e,24,EG1050,EQ013,111,0x199e
0x19a0,26,EG0252,EQ019,011,0x19a0
0x19a2,24,EG0931,EQ025,011,0x19a2
0x19a4,24,EG0272,EQ054,011,0x19a4
0x19a6,22,EG0927,EQ057,011,0x19a6
0x19a8,22,EG0532,EQ064,011,0x19a8
0x19aa,22,EG0546,EQ065,011,0x19aa
0x19ac,24,EG0540,EQ030,011,0x19ac
0x19ae,24,EG0526,EQ029,011,0x19ae
0x19b0,30,EG0055,EQ002,111,0x19b0
0x19b2,30,EG0109,EQ002,111,0x19b2
0x19b4,28,EG0115,EQ018,111,0x19b4
0x19b6,28,EG0061,EQ018,111,0x19b6
0x19b8,26,EG0339,EQ044,111,0x19b8
0x19ba,24,EG1002,EQ048,111,0x19ba
0x19bc,28,EG0384,EQ008,111,0x19bc
0x19be,26,EG0971,EQ011,111,0x19be
0x19c0,26,EG0591,EQ021,011,0x19c0
0x19c2,28,EG0110,EQ017,011,0x19c2
0x19c4,24,EG0620,EQ058,011,0x19c4
0x19c6,26,EG0062,EQ019,011,0x19c6
0x19c8,24,EG0340,EQ061,011,0x19c8
0x19ca,24,EG0391,EQ062,011,0x19ca
0x19cc,26,EG0385,EQ027,011,0x19cc
0x19ce,26,EG0334,EQ026,011,0x19ce
0x19d0,28,EG0251,EQ004,111,0x19d0
0x19d2,28,EG0265,EQ004,111,0x19d2
0x19d4,26,EG0271,EQ040,111,0x19d4
0x19d6,26,EG0257,EQ040,111,0x19d6
0x19d8,22,EG0799,EQ052,111,0x19d8
0x19da,24,EG0545,EQ047,111,0x19da
0x19dc,24,EG0802,EQ015,111,0x19dc
0x19de,26,EG0525,EQ010,111,0x19de
0x19e0,24,EG0670,EQ024,011,0x19e0
0x19e2,26,EG0266,EQ020,011,0x19e2
0x19e4,22,EG0678,EQ060,011,0x19e4
0x19e6,24,EG0258,EQ053,011,0x19e6
0x19e8,22,EG0532,EQ064,011,0x19e8
0x19ea,22,EG0546,EQ065,011,0x19ea
0x19ec,24,EG0540,EQ030,011,0x19ec
0x19ee,24,EG0526,EQ029,011,0x19ee
0x19f0,30,EG0055,EQ002,111,0x19f0
0x19f2,30,EG0109,EQ002,111,0x19f2
0x19f4,28,EG0115,EQ018,111,0x19f4
0x19f6,28,EG0061,EQ018,111,0x19f6
0x19f8,24,EG0722,EQ048,111,0x19f8
0x19fa,26,EG0390,EQ044,111,0x19fa
0x19fc,26,EG0741,EQ011,111,0x19fc
0x19fe,28,EG0333,EQ008,111,0x19fe
0x1a00,26,EG0683,EQ010,001,0x1a00
0x1a02,28,EG0281,EQ008,001,0x1a02
0x1a04,24,EG0688,EQ013,001,0x1a04
0x1a06,26,EG0287,EQ011,001,0x1a06
0x1a08,28,EG0009,EQ004,001,0x1a08
0x1a0a,28,EG0009,EQ004,001,0x1a0a
0x1a0c,30,EG0003,EQ002,001,0x1a0c
0x1a0e,30,EG0003,EQ002,001,0x1a0e
0x1a10,28,EG0511,EQ009,101,0x1a10
0x1a12,28,EG0511,EQ009,101,0x1a12
0x1a14,26,EG0517,EQ045,101,0x1a14
0x1a16,26,EG0517,EQ045,101,0x1a16
0x1a18,26,EG0665,EQ042,101,0x1a18
0x1a1a,28,EG0243,EQ039,101,0x1a1a
0x1a1c,28,EG0660,EQ006,101,0x1a1c
0x1a1e,30,EG0237,EQ003,101,0x1a1e
0x1a20,24,EG0789,EQ036,001,0x1a20
0x1a22,26,EG0513,EQ028,001,0x1a22
0x1a24,22,EG0791,EQ071,001,0x1a24
0x1a26,24,EG0518,EQ066,001,0x1a26
0x1a28,26,EG0244,EQ040,001,0x1a28
0x1a2a,26,EG0244,EQ040,001,0x1a2a
0x1a2c,28,EG0239,EQ018,001,0x1a2c
0x1a2e,28,EG0239,EQ018,001,0x1a2e
0x1a30,30,EG0279,EQ002,101,0x1a30
0x1a32,30,EG0279,EQ002,101,0x1a32
0x1a34,28,EG0285,EQ005,101,0x1a34
0x1a36,28,EG0285,EQ005,101,0x1a36
0x1a38,28,EG0559,EQ006,101,0x1a38
0x1a3a,30,EG0007,EQ003,101,0x1a3a
0x1a3c,30,EG0553,EQ003,101,0x1a3c
0x1a3e,32,EG0001,EQ001,101,0x1a3e
0x1a40,28,EG0281,EQ008,001,0x1a40
0x1a42,26,EG0937,EQ010,001,0x1a42
0x1a44,26,EG0287,EQ011,001,0x1a44
0x1a46,24,EG0942,EQ015,001,0x1a46
0x1a48,28,EG0009,EQ004,001,0x1a48
0x1a4a,28,EG0009,EQ004,001,0x1a4a
0x1a4c,30,EG0003,EQ002,001,0x1a4c
0x1a4e,30,EG0003,EQ002,001,0x1a4e
0x1a50,28,EG0511,EQ009,101,0x1a50
0x1a52,28,EG0511,EQ009,101,0x1a52
0x1a54,26,EG0517,EQ045,101,0x1a54
0x1a56,26,EG0517,EQ045,101,0x1a56
0x1a58,28,EG0243,EQ039,101,0x1a58
0x1a5a,26,EG0919,EQ042,101,0x1a5a
0x1a5c,30,EG0237,EQ003,101,0x1a5c
0x1a5e,28,EG0914,EQ006,101,0x1a5e
0x1a60,26,EG0513,EQ028,001,0x1a60
0x1a62,24,EG1044,EQ033,001,0x1a62
0x1a64,24,EG0518,EQ066,001,0x1a64
0x1a66,22,EG1046,EQ075,001,0x1a66
0x1a68,26,EG0244,EQ040,001,0x1a68
0x1a6a,26,EG0244,EQ040,001,0x1a6a
0x1a6c,28,EG0239,EQ018,001,0x1a6c
0x1a6e,28,EG0239,EQ018,001,0x1a6e
0x1a70,30,EG0279,EQ002,101,0x1a70
0x1a72,30,EG0279,EQ002,101,0x1a72
0x1a74,28,EG0285,EQ005,101,0x1a74
0x1a76,28,EG0285,EQ005,101,0x1a76
0x1a78,30,EG0007,EQ003,101,0x1a78
0x1a7a,28,EG0813,EQ006,101,0x1a7a
0x1a7c,32,EG0001,EQ001,101,0x1a7c
0x1a7e,30,EG0807,EQ003,101,0x1a7e
0x1a80,26,EG0335,EQ027,001,0x1a80
0x1a82,24,EG0999,EQ031,001,0x1a82
0x1a84,24,EG0392,EQ061,001,0x1a84
0x1a86,22,EG0975,EQ073,001,0x1a86
0x1a88,26,EG0063,EQ020,001,0x1a88
0x1a8a,26,EG0117,EQ019,001,0x1a8a
0x1a8c,28,EG0111,EQ016,001,0x1a8c
0x1a8e,28,EG0057,EQ017,001,0x1a8e
0x1a90,28,EG0333,EQ008,101,0x1a90
0x1a92,28,EG0384,EQ008,101,0x1a92
0x1a94,26,EG0390,EQ044,101,0x1a94
0x1a96,26,EG0339,EQ044,101,0x1a96
0x1a98,28,EG0061,EQ018,101,0x1a98
0x1a9a,26,EG0873,EQ041,101,0x1a9a
0x1a9c,30,EG0109,EQ002,101,0x1a9c
0x1a9e,28,EG0844,EQ005,101,0x1a9e
0x1aa0,26,EG0335,EQ027,001,0x1aa0
0x1aa2,24,EG0999,EQ031,001,0x1aa2
0x1aa4,24,EG0392,EQ061,001,0x1aa4
0x1aa6,22,EG0975,EQ073,001,0x1aa6
0x1aa8,26,EG0063,EQ020,001,0x1aa8
0x1aaa,26,EG0117,EQ019,001,0x1aaa
0x1aac,28,EG0111,EQ016,001,0x1aac
0x1aae,28,EG0057,EQ017,001,0x1aae
0x1ab0,28,EG0333,EQ008,101,0x1ab0
0x1ab2,28,EG0384,EQ008,101,0x1ab2
0x1ab4,26,EG0390,EQ044,101,0x1ab4
0x1ab6,26,EG0339,EQ044,101,0x1ab6
0x1ab8,28,EG0061,EQ018,101,0x1ab8
0x1aba,26,EG0873,EQ041,101,0x1aba
0x1abc,30,EG0109,EQ002,101,0x1abc
0x1abe,28,EG0844,EQ005,101,0x1abe
0x1ac0,24,EG0719,EQ032,001,0x1ac0
0x1ac2,26,EG0386,EQ026,001,0x1ac2
0x1ac4,22,EG0745,EQ069,001,0x1ac4
0x1ac6,24,EG0341,EQ062,001,0x1ac6
0x1ac8,26,EG0063,EQ020,001,0x1ac8
0x1aca,26,EG0117,EQ019,001,0x1aca
0x1acc,28,EG0111,EQ016,001,0x1acc
0x1ace,28,EG0057,EQ017,001,0x1ace
0x1ad0,28,EG0333,EQ008,101,0x1ad0
0x1ad2,28,EG0384,EQ008,101,0x1ad2
0x1ad4,26,EG0390,EQ044,101,0x1ad4
0x1ad6,26,EG0339,EQ044,101,0x1ad6
0x1ad8,26,EG0595,EQ041,101,0x1ad8
0x1ada,28,EG0115,EQ018,101,0x1ada
0x1adc,28,EG0616,EQ005,101,0x1adc
0x1ade,30,EG0055,EQ002,101,0x1ade
0x1ae0,24,EG0719,EQ032,001,0x1ae0
0x1ae2,26,EG0386,EQ026,001,0x1ae2
0x1ae4,22,EG0745,EQ069,001,0x1ae4
0x1ae6,24,EG0341,EQ062,001,0x1ae6
0x1ae8,26,EG0063,EQ020,001,0x1ae8
0x1aea,26,EG0117,EQ019,001,0x1aea
0x1aec,28,EG0111,EQ016,001,0x1aec
0x1aee,28,EG0057,EQ017,001,0x1aee
0x1af0,28,EG0333,EQ008,101,0x1af0
0x1af2,28,EG0384,EQ008,101,0x1af2
0x1af4,26,EG0390,EQ044,101,0x1af4
0x1af6,26,EG0339,EQ044,101,0x1af6
0x1af8,26,EG0595,EQ041,101,0x1af8
0x1afa,28,EG0115,EQ018,101,0x1afa
0x1afc,28,EG0616,EQ005,101,0x1afc
0x1afe,30,EG0055,EQ002,101,0x1afe
0x1b00,26,EG0562,EQ045,011,0x1b00
0x1b02,28,EG0012,EQ005,011,0x1b02
0x1b04,24,EG0564,EQ049,011,0x1b04
0x1b06,26,EG0015,EQ007,011,0x1b06
0x1b08,24,EG0293,EQ048,011,0x1b08
0x1b0a,24,EG0293,EQ048,011,0x1b0a
0x1b0c,26,EG0290,EQ044,011,0x1b0c
0x1b0e,26,EG0290,EQ044,011,0x1b0e
0x1b10,30,EG0010,EQ003,111,0x1b10
0x1b12,30,EG0010,EQ003,111,0x1b12
0x1b14,28,EG0013,EQ006,111,0x1b14
0x1b16,28,EG0013,EQ006,111,0x1b16
0x1b18,24,EG0691,EQ043,111,0x1b18
0x1b1a,26,EG0291,EQ041,111,0x1b1a
0x1b1c,26,EG0689,EQ040,111,0x1b1c
0x1b1e,28,EG0288,EQ018,111,0x1b1e
0x1b20,26,EG0562,EQ045,011,0x1b20
0x1b22,28,EG0012,EQ005,011,0x1b22
0x1b24,24,EG0564,EQ049,011,0x1b24
0x1b26,26,EG0015,EQ007,011,0x1b26
0x1b28,24,EG0293,EQ048,011,0x1b28
0x1b2a,24,EG0293,EQ048,011,0x1b2a
0x1b2c,26,EG0290,EQ044,011,0x1b2c
0x1b2e,26,EG0290,EQ044,011,0x1b2e
0x1b30,30,EG0010,EQ003,111,0x1b30
0x1b32,30,EG0010,EQ003,111,0x1b32
0x1b34,28,EG0013,EQ006,111,0x1b34
0x1b36,28,EG0013,EQ006,111,0x1b36
0x1b38,24,EG0691,EQ043,111,0x1b38
0x1b3a,26,EG0291,EQ041,111,0x1b3a
0x1b3c,26,EG0689,EQ040,111,0x1b3c
0x1b3e,28,EG0288,EQ018,111,0x1b3e
0x1b40,28,EG0012,EQ005,011,0x1b40
0x1b42,26,EG0816,EQ045,011,0x1b42
0x1b44,26,EG0015,EQ007,011,0x1b44
0x1b46,24,EG0818,EQ051,011,0x1b46
0x1b48,24,EG0293,EQ048,011,0x1b48
0x1b4a,24,EG0293,EQ048,011,0x1b4a
0x1b4c,26,EG0290,EQ044,011,0x1b4c
0x1b4e,26,EG0290,EQ044,011,0x1b4e
0x1b50,30,EG0010,EQ003,111,0x1b50
0x1b52,30,EG0010,EQ003,111,0x1b52
0x1b54,28,EG0013,EQ006,111,0x1b54
0x1b56,28,EG0013,EQ006,111,0x1b56
0x1b58,26,EG0291,EQ041,111,0x1b58
0x1b5a,24,EG0945,EQ043,111,0x1b5a
0x1b5c,28,EG0288,EQ018,111,0x1b5c
0x1b5e,26,EG0943,EQ040,111,0x1b5e
0x1b60,28,EG0012,EQ005,011,0x1b60
0x1b62,26,EG0816,EQ045,011,0x1b62
0x1b64,26,EG0015,EQ007,011,0x1b64
0x1b66,24,EG0818,EQ051,011,0x1b66
0x1b68,24,EG0293,EQ048,011,0x1b68
0x1b6a,24,EG0293,EQ048,011,0x1b6a
0x1b6c,26,EG0290,EQ044,011,0x1b6c
0x1b6e,26,EG0290,EQ044,011,0x1b6e
0x1b70,30,EG0010,EQ003,111,0x1b70
0x1b72,30,EG0010,EQ003,111,0x1b72
0x1b74,28,EG0013,EQ006,111,0x1b74
0x1b76,28,EG0013,EQ006,111,0x1b76
0x1b78,26,EG0291,EQ041,111,0x1b78
0x1b7a,24,EG0945,EQ043,111,0x1b7a
0x1b7c,28,EG0288,EQ018,111,0x1b7c
0x1b7e,26,EG0943,EQ040,111,0x1b7e
0x1b80,26,EG0066,EQ022,011,0x1b80
0x1b82,24,EG0874,EQ097,011,0x1b82
0x1b84,24,EG0123,EQ024,011,0x1b84
0x1b86,22,EG0850,EQ105,011,0x1b86
0x1b88,22,EG0347,EQ081,011,0x1b88
0x1b8a,22,EG0398,EQ080,011,0x1b8a
0x1b8c,24,EG0395,EQ077,011,0x1b8c
0x1b8e,24,EG0344,EQ078,011,0x1b8e
0x1b90,26,EG0259,EQ014,111,0x1b90
0x1b92,26,EG0273,EQ012,111,0x1b92
0x1b94,24,EG0275,EQ056,111,0x1b94
0x1b96,24,EG0261,EQ059,111,0x1b96
0x1b98,22,EG0535,EQ109,111,0x1b98
0x1b9a,20,EG1060,EQ126,111,0x1b9a
0x1b9c,24,EG0547,EQ033,111,0x1b9c
0x1b9e,22,EG1053,EQ071,111,0x1b9e
0x1ba0,24,EG0260,EQ058,011,0x1ba0
0x1ba2,22,EG0933,EQ100,011,0x1ba2
0x1ba4,22,EG0276,EQ057,011,0x1ba4
0x1ba6,20,EG0928,EQ128,011,0x1ba6
0x1ba8,20,EG0536,EQ110,011,0x1ba8
0x1baa,20,EG0550,EQ108,011,0x1baa
0x1bac,22,EG0548,EQ087,011,0x1bac
0x1bae,22,EG0534,EQ092,011,0x1bae
0x1bb0,28,EG0064,EQ009,111,0x1bb0
0x1bb2,28,EG0118,EQ009,111,0x1bb2
0x1bb4,26,EG0121,EQ023,111,0x1bb4
0x1bb6,26,EG0067,EQ023,111,0x1bb6
0x1bb8,24,EG0345,EQ079,111,0x1bb8
0x1bba,22,EG1004,EQ096,111,0x1bba
0x1bbc,26,EG0393,EQ028,111,0x1bbc
0x1bbe,24,EG0976,EQ066,111,0x1bbe
0x1bc0,24,EG0596,EQ102,011,0x1bc0
0x1bc2,26,EG0120,EQ021,011,0x1bc2
0x1bc4,22,EG0622,EQ100,011,0x1bc4
0x1bc6,24,EG0069,EQ025,011,0x1bc6
0x1bc8,22,EG0347,EQ081,011,0x1bc8
0x1bca,22,EG0398,EQ080,011,0x1bca
0x1bcc,24,EG0395,EQ077,011,0x1bcc
0x1bce,24,EG0344,EQ078,011,0x1bce
0x1bd0,26,EG0259,EQ014,111,0x1bd0
0x1bd2,26,EG0273,EQ012,111,0x1bd2
0x1bd4,24,EG0275,EQ056,111,0x1bd4
0x1bd6,24,EG0261,EQ059,111,0x1bd6
0x1bd8,20,EG0800,EQ125,111,0x1bd8
0x1bda,22,EG0549,EQ107,111,0x1bda
0x1bdc,22,EG0805,EQ075,111,0x1bdc
0x1bde,24,EG0533,EQ036,111,0x1bde
0x1be0,22,EG0672,EQ105,011,0x1be0
0x1be2,24,EG0274,EQ055,011,0x1be2
0x1be4,20,EG0679,EQ127,011,0x1be4
0x1be6,22,EG0262,EQ060,011,0x1be6
0x1be8,20,EG0536,EQ110,011,0x1be8
0x1bea,20,EG0550,EQ108,011,0x1bea
0x1bec,22,EG0548,EQ087,011,0x1bec
0x1bee,22,EG0534,EQ092,011,0x1bee
0x1bf0,28,EG0064,EQ009,111,0x1bf0
0x1bf2,28,EG0118,EQ009,111,0x1bf2
0x1bf4,26,EG0121,EQ023,111,0x1bf4
0x1bf6,26,EG0067,EQ023,111,0x1bf6
0x1bf8,22,EG0724,EQ096,111,0x1bf8
0x1bfa,24,EG0396,EQ079,111,0x1bfa
0x1bfc,24,EG0746,EQ066,111,0x1bfc
0x1bfe,26,EG0342,EQ028,111,0x1bfe
0x8000,22,EG0776,EQ069,000,0x8000
0x8002,24,EG0487,EQ031,000,0x8002
0x8004,22,EG0782,EQ069,000,0x8004
0x8006,24,EG0463,EQ031,000,0x8006
0x8008,26,EG0191,EQ011,000,0x8008
0x800a,26,EG0214,EQ011,000,0x800a
0x800c,26,EG0214,EQ011,000,0x800c
0x800e,26,EG0191,EQ011,000,0x800e
0x8010,24,EG0352,EQ082,100,0x8010
0x8012,24,EG0403,EQ083,100,0x8012
0x8014,24,EG0403,EQ083,100,0x8014
0x8016,24,EG0352,EQ082,100,0x8016
0x8018,24,EG0601,EQ077,100,0x8018
0x801a,26,EG0128,EQ027,100,0x801a
0x801c,24,EG0626,EQ078,100,0x801c
0x801e,26,EG0074,EQ026,100,0x801e
0x8020,24,EG0732,EQ062,000,0x8020
0x8022,26,EG0418,EQ027,000,0x8022
0x8024,24,EG0757,EQ062,000,0x8024
0x8026,26,EG0368,EQ027,000,0x8026
0x8028,28,EG0091,EQ008,000,0x8028
0x802a,28,EG0145,EQ008,000,0x802a
0x802c,28,EG0145,EQ008,000,0x802c
0x802e,28,EG0091,EQ008,000,0x802e
0x8030,22,EG0475,EQ086,100,0x8030
0x8032,22,EG0501,EQ091,100,0x8032
0x8034,22,EG0501,EQ091,100,0x8034
0x8036,22,EG0475,EQ086,100,0x8036
0x8038,22,EG0649,EQ080,100,0x8038
0x803a,24,EG0228,EQ062,100,0x803a
0x803c,22,EG0654,EQ081,100,0x803c
0x803e,24,EG0202,EQ061,100,0x803e
0x8040,24,EG0474,EQ032,000,0x8040
0x8042,22,EG1035,EQ073,000,0x8042
0x8044,24,EG0500,EQ032,000,0x8044
0x8046,22,EG1030,EQ073,000,0x8046
0x8048,26,EG0201,EQ011,000,0x8048
0x804a,26,EG0227,EQ011,000,0x804a
0x804c,26,EG0227,EQ011,000,0x804c
0x804e,26,EG0201,EQ011,000,0x804e
0x8050,24,EG0369,EQ083,100,0x8050
0x8052,24,EG0419,EQ090,100,0x8052
0x8054,24,EG0419,EQ090,100,0x8054
0x8056,24,EG0369,EQ083,100,0x8056
0x8058,26,EG0092,EQ026,100,0x8058
0x805a,24,EG0886,EQ078,100,0x805a
0x805c,26,EG0146,EQ027,100,0x805c
0x805e,24,EG0859,EQ077,100,0x805e
0x8060,26,EG0351,EQ026,000,0x8060
0x8062,24,EG1007,EQ061,000,0x8062
0x8064,26,EG0402,EQ026,000,0x8064
0x8066,24,EG0980,EQ061,000,0x8066
0x8068,28,EG0073,EQ008,000,0x8068
0x806a,28,EG0127,EQ008,000,0x806a
0x806c,28,EG0127,EQ008,000,0x806c
0x806e,28,EG0073,EQ008,000,0x806e
0x8070,22,EG0464,EQ084,100,0x8070
0x8072,22,EG0488,EQ085,100,0x8072
0x8074,22,EG0488,EQ085,100,0x8074
0x8076,22,EG0464,EQ084,100,0x8076
0x8078,24,EG0192,EQ061,100,0x8078
0x807a,22,EG0910,EQ081,100,0x807a
0x807c,24,EG0215,EQ062,100,0x807c
0x807e,22,EG0903,EQ080,100,0x807e
0x8080,28,EG0297,EQ016,000,0x8080
0x8082,26,EG0949,EQ019,000,0x8082
0x8084,28,EG0297,EQ016,000,0x8084
0x8086,26,EG0949,EQ019,000,0x8086
0x8088,30,EG0019,EQ002,000,0x8088
0x808a,30,EG0019,EQ002,000,0x808a
0x808c,30,EG0019,EQ002,000,0x808c
0x808e,30,EG0019,EQ002,000,0x808e
0x8090,26,EG0298,EQ026,100,0x8090
0x8092,26,EG0298,EQ026,100,0x8092
0x8094,26,EG0298,EQ026,100,0x8094
0x8096,26,EG0298,EQ026,100,0x8096
0x8098,28,EG0020,EQ008,100,0x8098
0x809a,26,EG0822,EQ028,100,0x809a
0x809c,28,EG0020,EQ008,100,0x809c
0x809e,26,EG0822,EQ028,100,0x809e
0x80a0,28,EG0315,EQ017,000,0x80a0
0x80a2,26,EG0963,EQ020,000,0x80a2
0x80a4,28,EG0315,EQ017,000,0x80a4
0x80a6,26,EG0963,EQ020,000,0x80a6
0x80a8,30,EG0037,EQ002,000,0x80a8
0x80aa,30,EG0037,EQ002,000,0x80aa
0x80ac,30,EG0037,EQ002,000,0x80ac
0x80ae,30,EG0037,EQ002,000,0x80ae
0x80b0,26,EG0316,EQ027,100,0x80b0
0x80b2,26,EG0316,EQ027,100,0x80b2
0x80b4,26,EG0316,EQ027,100,0x80b4
0x80b6,26,EG0316,EQ027,100,0x80b6
0x80b8,28,EG0038,EQ008,100,0x80b8
0x80ba,26,EG0831,EQ028,100,0x80ba
0x80bc,28,EG0038,EQ008,100,0x80bc
0x80be,26,EG0831,EQ028,100,0x80be
0x80c0,26,EG0703,EQ020,000,0x80c0
0x80c2,28,EG0315,EQ017,000,0x80c2
0x80c4,26,EG0703,EQ020,000,0x80c4
0x80c6,28,EG0315,EQ017,000,0x80c6
0x80c8,30,EG0037,EQ002,000,0x80c8
0x80ca,30,EG0037,EQ002,000,0x80ca
0x80cc,30,EG0037,EQ002,000,0x80cc
0x80ce,30,EG0037,EQ002,000,0x80ce
0x80d0,26,EG0316,EQ027,100,0x80d0
0x80d2,26,EG0316,EQ027,100,0x80d2
0x80d4,26,EG0316,EQ027,100,0x80d4
0x80d6,26,EG0316,EQ027,100,0x80d6
0x80d8,26,EG0582,EQ028,100,0x80d8
0x80da,28,EG0038,EQ008,100,0x80da
0x80dc,26,EG0582,EQ028,100,0x80dc
0x80de,28,EG0038,EQ008,100,0x80de
0x80e0,26,EG0695,EQ019,000,0x80e0
0x80e2,28,EG0297,EQ016,000,0x80e2
0x80e4,26,EG0695,EQ019,000,0x80e4
0x80e6,28,EG0297,EQ016,000,0x80e6
0x80e8,30,EG0019,EQ002,000,0x80e8
0x80ea,30,EG0019,EQ002,000,0x80ea
0x80ec,30,EG0019,EQ002,000,0x80ec
0x80ee,30,EG0019,EQ002,000,0x80ee
0x80f0,26,EG0298,EQ026,100,0x80f0
0x80f2,26,EG0298,EQ026,100,0x80f2
0x80f4,26,EG0298,EQ026,100,0x80f4
0x80f6,26,EG0298,EQ026,100,0x80f6
0x80f8,26,EG0568,EQ028,100,0x80f8
0x80fa,28,EG0020,EQ008,100,0x80fa
0x80fc,26,EG0568,EQ028,100,0x80fc
0x80fe,28,EG0020,EQ008,100,0x80fe
0x8100,24,EG0607,EQ047,010,0x8100
0x8102,26,EG0142,EQ010,010,0x8102
0x8104,24,EG0633,EQ046,010,0x8104
0x8106,26,EG0088,EQ010,010,0x8106
0x8108,24,EG0365,EQ029,010,0x8108
0x810a,24,EG0415,EQ029,010,0x810a
0x810c,24,EG0415,EQ029,010,0x810c
0x810e,24,EG0365,EQ029,010,0x810e
0x8110,24,EG0089,EQ031,110,0x8110
0x8112,24,EG0143,EQ032,110,0x8112
0x8114,24,EG0143,EQ032,110,0x8114
0x8116,24,EG0089,EQ031,110,0x8116
0x8118,20,EG0731,EQ113,110,0x8118
0x811a,22,EG0416,EQ086,110,0x811a
0x811c,20,EG0756,EQ117,110,0x811c
0x811e,22,EG0366,EQ084,110,0x811e
0x8120,24,EG0615,EQ046,010,0x8120
0x8122,26,EG0160,EQ010,010,0x8122
0x8124,24,EG0639,EQ047,010,0x8124
0x8126,26,EG0106,EQ010,010,0x8126
0x8128,24,EG0381,EQ030,010,0x8128
0x812a,24,EG0432,EQ030,010,0x812a
0x812c,24,EG0432,EQ030,010,0x812c
0x812e,24,EG0381,EQ030,010,0x812e
0x8130,24,EG0107,EQ031,110,0x8130
0x8132,24,EG0161,EQ032,110,0x8132
0x8134,24,EG0161,EQ032,110,0x8134
0x8136,24,EG0107,EQ031,110,0x8136
0x8138,20,EG0740,EQ112,110,0x8138
0x813a,22,EG0433,EQ091,110,0x813a
0x813c,20,EG0766,EQ119,110,0x813c
0x813e,22,EG0382,EQ085,110,0x813e
0x8140,26,EG0106,EQ010,010,0x8140
0x8142,24,EG0892,EQ046,010,0x8142
0x8144,26,EG0160,EQ010,010,0x8144
0x8146,24,EG0866,EQ047,010,0x8146
0x8148,24,EG0381,EQ030,010,0x8148
0x814a,24,EG0432,EQ030,010,0x814a
0x814c,24,EG0432,EQ030,010,0x814c
0x814e,24,EG0381,EQ030,010,0x814e
0x8150,24,EG0107,EQ031,110,0x8150
0x8152,24,EG0161,EQ032,110,0x8152
0x8154,24,EG0161,EQ032,110,0x8154
0x8156,24,EG0107,EQ031,110,0x8156
0x8158,22,EG0382,EQ085,110,0x8158
0x815a,20,EG1020,EQ118,110,0x815a
0x815c,22,EG0433,EQ091,110,0x815c
0x815e,20,EG0996,EQ112,110,0x815e
0x8160,26,EG0088,EQ010,010,0x8160
0x8162,24,EG0884,EQ047,010,0x8162
0x8164,26,EG0142,EQ010,010,0x8164
0x8166,24,EG0857,EQ046,010,0x8166
0x8168,24,EG0365,EQ029,010,0x8168
0x816a,24,EG0415,EQ029,010,0x816a
0x816c,24,EG0415,EQ029,010,0x816c
0x816e,24,EG0365,EQ029,010,0x816e
0x8170,24,EG0089,EQ031,110,0x8170
0x8172,24,EG0143,EQ032,110,0x8172
0x8174,24,EG0143,EQ032,110,0x8174
0x8176,24,EG0089,EQ031,110,0x8176
0x8178,22,EG0366,EQ084,110,0x8178
0x817a,20,EG1015,EQ117,110,0x817a
0x817c,22,EG0416,EQ086,110,0x817c
0x817e,20,EG0989,EQ111,110,0x817e
0x8180,26,EG0175,EQ007,010,0x8180
0x8182,24,EG0901,EQ043,010,0x8182
0x8184,26,EG0175,EQ007,010,0x8184
0x8186,24,EG0901,EQ043,010,0x8186
0x8188,24,EG0447,EQ024,010,0x8188
0x818a,24,EG0447,EQ024,010,0x818a
0x818c,24,EG0447,EQ024,010,0x818c
0x818e,24,EG0447,EQ024,010,0x818e
0x8190,26,EG0035,EQ011,110,0x8190
0x8192,26,EG0035,EQ011,110,0x8192
0x8194,26,EG0035,EQ011,110,0x8194
0x8196,26,EG0035,EQ011,110,0x8196
0x8198,24,EG0313,EQ061,110,0x8198
0x819a,22,EG0962,EQ064,110,0x819a
0x819c,24,EG0313,EQ061,110,0x819c
0x819e,22,EG0962,EQ064,110,0x819e
0x81a0,28,EG0052,EQ004,010,0x81a0
0x81a2,26,EG0842,EQ040,010,0x81a2
0x81a4,28,EG0052,EQ004,010,0x81a4
0x81a6,26,EG0842,EQ040,010,0x81a6
0x81a8,26,EG0330,EQ020,010,0x81a8
0x81aa,26,EG0330,EQ020,010,0x81aa
0x81ac,26,EG0330,EQ020,010,0x81ac
0x81ae,26,EG0330,EQ020,010,0x81ae
0x81b0,24,EG0190,EQ048,110,0x81b0
0x81b2,24,EG0190,EQ048,110,0x81b2
0x81b4,24,EG0190,EQ048,110,0x81b4
0x81b6,24,EG0190,EQ048,110,0x81b6
0x81b8,22,EG0462,EQ081,110,0x81b8
0x81ba,20,EG1029,EQ110,110,0x81ba
0x81bc,22,EG0462,EQ081,110,0x81bc
0x81be,20,EG1029,EQ110,110,0x81be
0x81c0,24,EG0647,EQ043,010,0x81c0
0x81c2,26,EG0189,EQ007,010,0x81c2
0x81c4,24,EG0647,EQ043,010,0x81c4
0x81c6,26,EG0189,EQ007,010,0x81c6
0x81c8,24,EG0461,EQ025,010,0x81c8
0x81ca,24,EG0461,EQ025,010,0x81ca
0x81cc,24,EG0461,EQ025,010,0x81cc
0x81ce,24,EG0461,EQ025,010,0x81ce
0x81d0,26,EG0053,EQ011,110,0x81d0
0x81d2,26,EG0053,EQ011,110,0x81d2
0x81d4,26,EG0053,EQ011,110,0x81d4
0x81d6,26,EG0053,EQ011,110,0x81d6
0x81d8,22,EG0716,EQ065,110,0x81d8
0x81da,24,EG0331,EQ062,110,0x81da
0x81dc,22,EG0716,EQ065,110,0x81dc
0x81de,24,EG0331,EQ062,110,0x81de
0x81e0,26,EG0579,EQ040,010,0x81e0
0x81e2,28,EG0034,EQ004,010,0x81e2
0x81e4,26,EG0579,EQ040,010,0x81e4
0x81e6,28,EG0034,EQ004,010,0x81e6
0x81e8,26,EG0312,EQ019,010,0x81e8
0x81ea,26,EG0312,EQ019,010,0x81ea
0x81ec,26,EG0312,EQ019,010,0x81ec
0x81ee,26,EG0312,EQ019,010,0x81ee
0x81f0,24,EG0176,EQ048,110,0x81f0
0x81f2,24,EG0176,EQ048,110,0x81f2
0x81f4,24,EG0176,EQ048,110,0x81f4
0x81f6,24,EG0176,EQ048,110,0x81f6
0x81f8,20,EG0775,EQ108,110,0x81f8
0x81fa,22,EG0448,EQ080,110,0x81fa
0x81fc,20,EG0775,EQ108,110,0x81fc
0x81fe,22,EG0448,EQ080,110,0x81fe
0x8200,20,EG0781,EQ072,000,0x8200
0x8202,22,EG0498,EQ034,000,0x8202
0x8204,20,EG0786,EQ070,000,0x8204
0x8206,22,EG0472,EQ037,000,0x8206
0x8208,24,EG0199,EQ015,000,0x8208
0x820a,24,EG0225,EQ013,000,0x820a
0x820c,24,EG0225,EQ013,000,0x820c
0x820e,24,EG0199,EQ015,000,0x820e
0x8210,22,EG0367,EQ086,100,0x8210
0x8212,22,EG0417,EQ084,100,0x8212
0x8214,22,EG0417,EQ084,100,0x8214
0x8216,22,EG0367,EQ086,100,0x8216
0x8218,22,EG0608,EQ103,100,0x8218
0x821a,24,EG0144,EQ031,100,0x821a
0x821c,22,EG0634,EQ098,100,0x821c
0x821e,24,EG0090,EQ032,100,0x821e
0x8220,22,EG0739,EQ068,000,0x8220
0x8222,24,EG0432,EQ030,000,0x8222
0x8224,22,EG0765,EQ065,000,0x8224
0x8226,24,EG0381,EQ030,000,0x8226
0x8228,26,EG0106,EQ010,000,0x8228
0x822a,26,EG0160,EQ010,000,0x822a
0x822c,26,EG0160,EQ010,000,0x822c
0x822e,26,EG0106,EQ010,000,0x822e
0x8230,20,EG0486,EQ094,100,0x8230
0x8232,20,EG0510,EQ089,100,0x8232
0x8234,20,EG0510,EQ089,100,0x8234
0x8236,20,EG0486,EQ094,100,0x8236
0x8238,20,EG0652,EQ106,100,0x8238
0x823a,22,EG0236,EQ069,100,0x823a
0x823c,20,EG0659,EQ101,100,0x823c
0x823e,22,EG0213,EQ073,100,0x823e
0x8240,22,EG0485,EQ038,000,0x8240
0x8242,20,EG1041,EQ076,000,0x8242
0x8244,22,EG0509,EQ035,000,0x8244
0x8246,20,EG1034,EQ074,000,0x8246
0x8248,24,EG0212,EQ015,000,0x8248
0x824a,24,EG0235,EQ013,000,0x824a
0x824c,24,EG0235,EQ013,000,0x824c
0x824e,24,EG0212,EQ015,000,0x824e
0x8250,22,EG0383,EQ091,100,0x8250
0x8252,22,EG0434,EQ085,100,0x8252
0x8254,22,EG0434,EQ085,100,0x8254
0x8256,22,EG0383,EQ091,100,0x8256
0x8258,24,EG0108,EQ032,100,0x8258
0x825a,22,EG0893,EQ098,100,0x825a
0x825c,24,EG0162,EQ031,100,0x825c
0x825e,22,EG0867,EQ103,100,0x825e
0x8260,24,EG0365,EQ029,000,0x8260
0x8262,22,EG1014,EQ067,000,0x8262
0x8264,24,EG0415,EQ029,000,0x8264
0x8266,22,EG0988,EQ064,000,0x8266
0x8268,26,EG0088,EQ010,000,0x8268
0x826a,26,EG0142,EQ010,000,0x826a
0x826c,26,EG0142,EQ010,000,0x826c
0x826e,26,EG0088,EQ010,000,0x826e
0x8270,20,EG0473,EQ093,100,0x8270
0x8272,20,EG0499,EQ088,100,0x8272
0x8274,20,EG0499,EQ088,100,0x8274
0x8276,20,EG0473,EQ093,100,0x8276
0x8278,22,EG0200,EQ073,100,0x8278
0x827a,20,EG0913,EQ101,100,0x827a
0x827c,22,EG0226,EQ069,100,0x827c
0x827e,20,EG0908,EQ106,100,0x827e
0x8280,26,EG0312,EQ019,000,0x8280
0x8282,24,EG0961,EQ053,000,0x8282
0x8284,26,EG0312,EQ019,000,0x8284
0x8286,24,EG0961,EQ053,000,0x8286
0x8288,28,EG0034,EQ004,000,0x8288
0x828a,28,EG0034,EQ004,000,0x828a
0x828c,28,EG0034,EQ004,000,0x828c
0x828e,28,EG0034,EQ004,000,0x828e
0x8290,24,EG0314,EQ061,100,0x8290
0x8292,24,EG0314,EQ061,100,0x8292
0x8294,24,EG0314,EQ061,100,0x8294
0x8296,24,EG0314,EQ061,100,0x8296
0x8298,26,EG0036,EQ011,100,0x8298
0x829a,24,EG0829,EQ066,100,0x829a
0x829c,26,EG0036,EQ011,100,0x829c
0x829e,24,EG0829,EQ066,100,0x829e
0x82a0,26,EG0330,EQ020,000,0x82a0
0x82a2,24,EG0970,EQ054,000,0x82a2
0x82a4,26,EG0330,EQ020,000,0x82a4
0x82a6,24,EG0970,EQ054,000,0x82a6
0x82a8,28,EG0052,EQ004,000,0x82a8
0x82aa,28,EG0052,EQ004,000,0x82aa
0x82ac,28,EG0052,EQ004,000,0x82ac
0x82ae,28,EG0052,EQ004,000,0x82ae
0x82b0,24,EG0332,EQ062,100,0x82b0
0x82b2,24,EG0332,EQ062,100,0x82b2
0x82b4,24,EG0332,EQ062,100,0x82b4
0x82b6,24,EG0332,EQ062,100,0x82b6
0x82b8,26,EG0054,EQ011,100,0x82b8
0x82ba,24,EG0843,EQ063,100,0x82ba
0x82bc,26,EG0054,EQ011,100,0x82bc
0x82be,24,EG0843,EQ063,100,0x82be
0x82c0,24,EG0715,EQ054,000,0x82c0
0x82c2,26,EG0330,EQ020,000,0x82c2
0x82c4,24,EG0715,EQ054,000,0x82c4
0x82c6,26,EG0330,EQ020,000,0x82c6
0x82c8,28,EG0052,EQ004,000,0x82c8
0x82ca,28,EG0052,EQ004,000,0x82ca
0x82cc,28,EG0052,EQ004,000,0x82cc
0x82ce,28,EG0052,EQ004,000,0x82ce
0x82d0,24,EG0332,EQ062,100,0x82d0
0x82d2,24,EG0332,EQ062,100,0x82d2
0x82d4,24,EG0332,EQ062,100,0x82d4
0x82d6,24,EG0332,EQ062,100,0x82d6
0x82d8,24,EG0589,EQ066,100,0x82d8
0x82da,26,EG0054,EQ011,100,0x82da
0x82dc,24,EG0589,EQ066,100,0x82dc
0x82de,26,EG0054,EQ011,100,0x82de
0x82e0,24,EG0702,EQ053,000,0x82e0
0x82e2,26,EG0312,EQ019,000,0x82e2
0x82e4,24,EG0702,EQ053,000,0x82e4
0x82e6,26,EG0312,EQ019,000,0x82e6
0x82e8,28,EG0034,EQ004,000,0x82e8
0x82ea,28,EG0034,EQ004,000,0x82ea
0x82ec,28,EG0034,EQ004,000,0x82ec
0x82ee,28,EG0034,EQ004,000,0x82ee
0x82f0,24,EG0314,EQ061,100,0x82f0
0x82f2,24,EG0314,EQ061,100,0x82f2
0x82f4,24,EG0314,EQ061,100,0x82f4
0x82f6,24,EG0314,EQ061,100,0x82f6
0x82f8,24,EG0580,EQ063,100,0x82f8
0x82fa,26,EG0036,EQ011,100,0x82fa
0x82fc,24,EG0580,EQ063,100,0x82fc
0x82fe,26,EG0036,EQ011,100,0x82fe
0x8300,26,EG0600,EQ044,010,0x8300
0x8302,28,EG0127,EQ008,010,0x8302
0x8304,26,EG0625,EQ044,010,0x8304
0x8306,28,EG0073,EQ008,010,0x8306
0x8308,26,EG0351,EQ026,010,0x8308
0x830a,26,EG0402,EQ026,010,0x830a
0x830c,26,EG0402,EQ026,010,0x830c
0x830e,26,EG0351,EQ026,010,0x830e
0x8310,26,EG0075,EQ027,110,0x8310
0x8312,26,EG0129,EQ026,110,0x8312
0x8314,26,EG0129,EQ026,110,0x8314
0x8316,26,EG0075,EQ027,110,0x8316
0x8318,22,EG0729,EQ086,110,0x8318
0x831a,24,EG0404,EQ082,110,0x831a
0x831c,22,EG0751,EQ084,110,0x831c
0x831e,24,EG0353,EQ083,110,0x831e
0x8320,26,EG0609,EQ044,010,0x8320
0x8322,28,EG0145,EQ008,010,0x8322
0x8324,26,EG0635,EQ044,010,0x8324
0x8326,28,EG0091,EQ008,010,0x8326
0x8328,26,EG0368,EQ027,010,0x8328
0x832a,26,EG0418,EQ027,010,0x832a
0x832c,26,EG0418,EQ027,010,0x832c
0x832e,26,EG0368,EQ027,010,0x832e
0x8330,26,EG0093,EQ027,110,0x8330
0x8332,26,EG0147,EQ026,110,0x8332
0x8334,26,EG0147,EQ026,110,0x8334
0x8336,26,EG0093,EQ027,110,0x8336
0x8338,22,EG0734,EQ091,110,0x8338
0x833a,24,EG0420,EQ083,110,0x833a
0x833c,22,EG0759,EQ085,110,0x833c
0x833e,24,EG0370,EQ090,110,0x833e
0x8340,28,EG0091,EQ008,010,0x8340
0x8342,26,EG0885,EQ044,010,0x8342
0x8344,28,EG0145,EQ008,010,0x8344
0x8346,26,EG0858,EQ044,010,0x8346
0x8348,26,EG0368,EQ027,010,0x8348
0x834a,26,EG0418,EQ027,010,0x834a
0x834c,26,EG0418,EQ027,010,0x834c
0x834e,26,EG0368,EQ027,010,0x834e
0x8350,26,EG0093,EQ027,110,0x8350
0x8352,26,EG0147,EQ026,110,0x8352
0x8354,26,EG0147,EQ026,110,0x8354
0x8356,26,EG0093,EQ027,110,0x8356
0x8358,24,EG0370,EQ090,110,0x8358
0x835a,22,EG1018,EQ085,110,0x835a
0x835c,24,EG0420,EQ083,110,0x835c
0x835e,22,EG0991,EQ091,110,0x835e
0x8360,28,EG0073,EQ008,010,0x8360
0x8362,26,EG0878,EQ044,010,0x8362
0x8364,28,EG0127,EQ008,010,0x8364
0x8366,26,EG0853,EQ044,010,0x8366
0x8368,26,EG0351,EQ026,010,0x8368
0x836a,26,EG0402,EQ026,010,0x836a
0x836c,26,EG0402,EQ026,010,0x836c
0x836e,26,EG0351,EQ026,010,0x836e
0x8370,26,EG0075,EQ027,110,0x8370
0x8372,26,EG0129,EQ026,110,0x8372
0x8374,26,EG0129,EQ026,110,0x8374
0x8376,26,EG0075,EQ027,110,0x8376
0x8378,24,EG0353,EQ083,110,0x8378
0x837a,22,EG1009,EQ084,110,0x837a
0x837c,24,EG0404,EQ082,110,0x837c
0x837e,22,EG0982,EQ086,110,0x837e
0x8380,28,EG0163,EQ005,010,0x8380
0x8382,26,EG0894,EQ041,010,0x8382
0x8384,28,EG0163,EQ005,010,0x8384
0x8386,26,EG0894,EQ041,010,0x8386
0x8388,26,EG0435,EQ021,010,0x8388
0x838a,26,EG0435,EQ021,010,0x838a
0x838c,26,EG0435,EQ021,010,0x838c
0x838e,26,EG0435,EQ021,010,0x838e
0x8390,28,EG0021,EQ008,110,0x8390
0x8392,28,EG0021,EQ008,110,0x8392
0x8394,28,EG0021,EQ008,110,0x8394
0x8396,28,EG0021,EQ008,110,0x8396
0x8398,26,EG0299,EQ026,110,0x8398
0x839a,24,EG0951,EQ029,110,0x839a
0x839c,26,EG0299,EQ026,110,0x839c
0x839e,24,EG0951,EQ029,110,0x839e
0x83a0,30,EG0037,EQ002,010,0x83a0
0x83a2,28,EG0830,EQ018,010,0x83a2
0x83a4,30,EG0037,EQ002,010,0x83a4
0x83a6,28,EG0830,EQ018,010,0x83a6
0x83a8,28,EG0315,EQ017,010,0x83a8
0x83aa,28,EG0315,EQ017,010,0x83aa
0x83ac,28,EG0315,EQ017,010,0x83ac
0x83ae,28,EG0315,EQ017,010,0x83ae
0x83b0,26,EG0179,EQ044,110,0x83b0
0x83b2,26,EG0179,EQ044,110,0x83b2
0x83b4,26,EG0179,EQ044,110,0x83b4
0x83b6,26,EG0179,EQ044,110,0x83b6
0x83b8,24,EG0451,EQ078,110,0x83b8
0x83ba,22,EG1023,EQ092,110,0x83ba
0x83bc,24,EG0451,EQ078,110,0x83bc
0x83be,22,EG1023,EQ092,110,0x83be
0x83c0,26,EG0640,EQ041,010,0x83c0
0x83c2,28,EG0177,EQ005,010,0x83c2
0x83c4,26,EG0640,EQ041,010,0x83c4
0x83c6,28,EG0177,EQ005,010,0x83c6
0x83c8,26,EG0449,EQ022,010,0x83c8
0x83ca,26,EG0449,EQ022,010,0x83ca
0x83cc,26,EG0449,EQ022,010,0x83cc
0x83ce,26,EG0449,EQ022,010,0x83ce
0x83d0,28,EG0039,EQ008,110,0x83d0
0x83d2,28,EG0039,EQ008,110,0x83d2
0x83d4,28,EG0039,EQ008,110,0x83d4
0x83d6,28,EG0039,EQ008,110,0x83d6
0x83d8,24,EG0705,EQ030,110,0x83d8
0x83da,26,EG0317,EQ027,110,0x83da
0x83dc,24,EG0705,EQ030,110,0x83dc
0x83de,26,EG0317,EQ027,110,0x83de
0x83e0,28,EG0567,EQ018,010,0x83e0
0x83e2,30,EG0019,EQ002,010,0x83e2
0x83e4,28,EG0567,EQ018,010,0x83e4
0x83e6,30,EG0019,EQ002,010,0x83e6
0x83e8,28,EG0297,EQ016,010,0x83e8
0x83ea,28,EG0297,EQ016,010,0x83ea
0x83ec,28,EG0297,EQ016,010,0x83ec
0x83ee,28,EG0297,EQ016,010,0x83ee
0x83f0,26,EG0165,EQ044,110,0x83f0
0x83f2,26,EG0165,EQ044,110,0x83f2
0x83f4,26,EG0165,EQ044,110,0x83f4
0x83f6,26,EG0165,EQ044,110,0x83f6
0x83f8,22,EG0769,EQ087,110,0x83f8
0x83fa,24,EG0437,EQ077,110,0x83fa
0x83fc,22,EG0769,EQ087,110,0x83fc
0x83fe,24,EG0437,EQ077,110,0x83fe
0x8800,26,EG0717,EQ011,000,0x8800
0x8802,28,EG0384,EQ008,000,0x8802
0x8804,26,EG0741,EQ011,000,0x8804
0x8806,28,EG0333,EQ008,000,0x8806
0x8808,30,EG0055,EQ002,000,0x8808
0x880a,30,EG0109,EQ002,000,0x880a
0x880c,30,EG0109,EQ002,000,0x880c
0x880e,30,EG0055,EQ002,000,0x880e
0x8810,24,EG0526,EQ029,100,0x8810
0x8812,24,EG0540,EQ030,100,0x8812
0x8814,24,EG0540,EQ030,100,0x8814
0x8816,24,EG0526,EQ029,100,0x8816
0x8818,24,EG0670,EQ024,100,0x8818
0x881a,26,EG0266,EQ020,100,0x881a
0x881c,24,EG0675,EQ025,100,0x881c
0x881e,26,EG0252,EQ019,100,0x881e
0x8820,24,EG0795,EQ015,000,0x8820
0x8822,26,EG0539,EQ010,000,0x8822
0x8824,24,EG0802,EQ015,000,0x8824
0x8826,26,EG0525,EQ010,000,0x8826
0x8828,28,EG0251,EQ004,000,0x8828
0x882a,28,EG0265,EQ004,000,0x882a
0x882c,28,EG0265,EQ004,000,0x882c
0x882e,28,EG0251,EQ004,000,0x882e
0x8830,26,EG0334,EQ026,100,0x8830
0x8832,26,EG0385,EQ027,100,0x8832
0x8834,26,EG0385,EQ027,100,0x8834
0x8836,26,EG0334,EQ026,100,0x8836
0x8838,26,EG0591,EQ021,100,0x8838
0x883a,28,EG0110,EQ017,100,0x883a
0x883c,26,EG0617,EQ022,100,0x883c
0x883e,28,EG0056,EQ016,100,0x883e
0x8840,28,EG0333,EQ008,000,0x8840
0x8842,26,EG0997,EQ011,000,0x8842
0x8844,28,EG0384,EQ008,000,0x8844
0x8846,26,EG0971,EQ011,000,0x8846
0x8848,30,EG0055,EQ002,000,0x8848
0x884a,30,EG0109,EQ002,000,0x884a
0x884c,30,EG0109,EQ002,000,0x884c
0x884e,30,EG0055,EQ002,000,0x884e
0x8850,24,EG0526,EQ029,100,0x8850
0x8852,24,EG0540,EQ030,100,0x8852
0x8854,24,EG0540,EQ030,100,0x8854
0x8856,24,EG0526,EQ029,100,0x8856
0x8858,26,EG0252,EQ019,100,0x8858
0x885a,24,EG0931,EQ025,100,0x885a
0x885c,26,EG0266,EQ020,100,0x885c
0x885e,24,EG0924,EQ024,100,0x885e
0x8860,26,EG0525,EQ010,000,0x8860
0x8862,24,EG1055,EQ013,000,0x8862
0x8864,26,EG0539,EQ010,000,0x8864
0x8866,24,EG1050,EQ013,000,0x8866
0x8868,28,EG0251,EQ004,000,0x8868
0x886a,28,EG0265,EQ004,000,0x886a
0x886c,28,EG0265,EQ004,000,0x886c
0x886e,28,EG0251,EQ004,000,0x886e
0x8870,26,EG0334,EQ026,100,0x8870
0x8872,26,EG0385,EQ027,100,0x8872
0x8874,26,EG0385,EQ027,100,0x8874
0x8876,26,EG0334,EQ026,100,0x8876
0x8878,28,EG0056,EQ016,100,0x8878
0x887a,26,EG0869,EQ022,100,0x887a
0x887c,28,EG0110,EQ017,100,0x887c
0x887e,26,EG0845,EQ021,100,0x887e
0x8880,30,EG0279,EQ002,000,0x8880
0x8882,28,EG0935,EQ004,000,0x8882
0x8884,30,EG0279,EQ002,000,0x8884
0x8886,28,EG0935,EQ004,000,0x8886
0x8888,32,EG0001,EQ001,000,0x8888
0x888a,32,EG0001,EQ001,000,0x888a
0x888c,32,EG0001,EQ001,000,0x888c
0x888e,32,EG0001,EQ001,000,0x888e
0x8890,28,EG0280,EQ008,100,0x8890
0x8892,28,EG0280,EQ008,100,0x8892
0x8894,28,EG0280,EQ008,100,0x8894
0x8896,28,EG0280,EQ008,100,0x8896
0x8898,30,EG0002,EQ002,100,0x8898
0x889a,28,EG0808,EQ009,100,0x889a
0x889c,30,EG0002,EQ002,100,0x889c
0x889e,28,EG0808,EQ009,100,0x889e
0x88a0,30,EG0279,EQ002,000,0x88a0
0x88a2,28,EG0935,EQ004,000,0x88a2
0x88a4,30,EG0279,EQ002,000,0x88a4
0x88a6,28,EG0935,EQ004,000,0x88a6
0x88a8,32,EG0001,EQ001,000,0x88a8
0x88aa,32,EG0001,EQ001,000,0x88aa
0x88ac,32,EG0001,EQ001,000,0x88ac
0x88ae,32,EG0001,EQ001,000,0x88ae
0x88b0,28,EG0280,EQ008,100,0x88b0
0x88b2,28,EG0280,EQ008,100,0x88b2
0x88b4,28,EG0280,EQ008,100,0x88b4
0x88b6,28,EG0280,EQ008,100,0x88b6
0x88b8,30,EG0002,EQ002,100,0x88b8
0x88ba,28,EG0808,EQ009,100,0x88ba
0x88bc,30,EG0002,EQ002,100,0x88bc
0x88be,28,EG0808,EQ009,100,0x88be
0x88c0,28,EG0681,EQ004,000,0x88c0
0x88c2,30,EG0279,EQ002,000,0x88c2
0x88c4,28,EG0681,EQ004,000,0x88c4
0x88c6,30,EG0279,EQ002,000,0x88c6
0x88c8,32,EG0001,EQ001,000,0x88c8
0x88ca,32,EG0001,EQ001,000,0x88ca
0x88cc,32,EG0001,EQ001,000,0x88cc
0x88ce,32,EG0001,EQ001,000,0x88ce
0x88d0,28,EG0280,EQ008,100,0x88d0
0x88d2,28,EG0280,EQ008,100,0x88d2
0x88d4,28,EG0280,EQ008,100,0x88d4
0x88d6,28,EG0280,EQ008,100,0x88d6
0x88d8,28,EG0554,EQ009,100,0x88d8
0x88da,30,EG0002,EQ002,100,0x88da
0x88dc,28,EG0554,EQ009,100,0x88dc
0x88de,30,EG0002,EQ002,100,0x88de
0x88e0,28,EG0681,EQ004,000,0x88e0
0x88e2,30,EG0279,EQ002,000,0x88e2
0x88e4,28,EG0681,EQ004,000,0x88e4
0x88e6,30,EG0279,EQ002,000,0x88e6
0x88e8,32,EG0001,EQ001,000,0x88e8
0x88ea,32,EG0001,EQ001,000,0x88ea
0x88ec,32,EG0001,EQ001,000,0x88ec
0x88ee,32,EG0001,EQ001,000,0x88ee
0x88f0,28,EG0280,EQ008,100,0x88f0
0x88f2,28,EG0280,EQ008,100,0x88f2
0x88f4,28,EG0280,EQ008,100,0x88f4
0x88f6,28,EG0280,EQ008,100,0x88f6
0x88f8,28,EG0554,EQ009,100,0x88f8
0x88fa,30,EG0002,EQ002,100,0x88fa
0x88fc,28,EG0554,EQ009,100,0x88fc
0x88fe,30,EG0002,EQ002,100,0x88fe
0x8900,28,EG0590,EQ005,010,0x8900
0x8902,30,EG0109,EQ002,010,0x8902
0x8904,28,EG0616,EQ005,010,0x8904
0x8906,30,EG0055,EQ002,010,0x8906
0x8908,28,EG0333,EQ008,010,0x8908
0x890a,28,EG0384,EQ008,010,0x890a
0x890c,28,EG0384,EQ008,010,0x890c
0x890e,28,EG0333,EQ008,010,0x890e
0x8910,28,EG0056,EQ016,110,0x8910
0x8912,28,EG0110,EQ017,110,0x8912
0x8914,28,EG0110,EQ017,110,0x8914
0x8916,28,EG0056,EQ016,110,0x8916
0x8918,24,EG0718,EQ031,110,0x8918
0x891a,26,EG0385,EQ027,110,0x891a
0x891c,24,EG0742,EQ032,110,0x891c
0x891e,26,EG0334,EQ026,110,0x891e
0x8920,28,EG0590,EQ005,010,0x8920
0x8922,30,EG0109,EQ002,010,0x8922
0x8924,28,EG0616,EQ005,010,0x8924
0x8926,30,EG0055,EQ002,010,0x8926
0x8928,28,EG0333,EQ008,010,0x8928
0x892a,28,EG0384,EQ008,010,0x892a
0x892c,28,EG0384,EQ008,010,0x892c
0x892e,28,EG0333,EQ008,010,0x892e
0x8930,28,EG0056,EQ016,110,0x8930
0x8932,28,EG0110,EQ017,110,0x8932
0x8934,28,EG0110,EQ017,110,0x8934
0x8936,28,EG0056,EQ016,110,0x8936
0x8938,24,EG0718,EQ031,110,0x8938
0x893a,26,EG0385,EQ027,110,0x893a
0x893c,24,EG0742,EQ032,110,0x893c
0x893e,26,EG0334,EQ026,110,0x893e
0x8940,30,EG0055,EQ002,010,0x8940
0x8942,28,EG0868,EQ005,010,0x8942
0x8944,30,EG0109,EQ002,010,0x8944
0x8946,28,EG0844,EQ005,010,0x8946
0x8948,28,EG0333,EQ008,010,0x8948
0x894a,28,EG0384,EQ008,010,0x894a
0x894c,28,EG0384,EQ008,010,0x894c
0x894e,28,EG0333,EQ008,010,0x894e
0x8950,28,EG0056,EQ016,110,0x8950
0x8952,28,EG0110,EQ017,110,0x8952
0x8954,28,EG0110,EQ017,110,0x8954
0x8956,28,EG0056,EQ016,110,0x8956
0x8958,26,EG0334,EQ026,110,0x8958
0x895a,24,EG0998,EQ032,110,0x895a
0x895c,26,EG0385,EQ027,110,0x895c
0x895e,24,EG0972,EQ031,110,0x895e
0x8960,30,EG0055,EQ002,010,0x8960
0x8962,28,EG0868,EQ005,010,0x8962
0x8964,30,EG0109,EQ002,010,0x8964
0x8966,28,EG0844,EQ005,010,0x8966
0x8968,28,EG0333,EQ008,010,0x8968
0x896a,28,EG0384,EQ008,010,0x896a
0x896c,28,EG0384,EQ008,010,0x896c
0x896e,28,EG0333,EQ008,010,0x896e
0x8970,28,EG0056,EQ016,110,0x8970
0x8972,28,EG0110,EQ017,110,0x8972
0x8974,28,EG0110,EQ017,110,0x8974
0x8976,28,EG0056,EQ016,110,0x8976
0x8978,26,EG0334,EQ026,110,0x8978
0x897a,24,EG0998,EQ032,110,0x897a
0x897c,26,EG0385,EQ027,110,0x897c
0x897e,24,EG0972,EQ031,110,0x897e
0x8980,32,EG0001,EQ001,010,0x8980
0x8982,30,EG0807,EQ003,010,0x8982
0x8984,32,EG0001,EQ001,010,0x8984
0x8986,30,EG0807,EQ003,010,0x8986
0x8988,30,EG0279,EQ002,010,0x8988
0x898a,30,EG0279,EQ002,010,0x898a
0x898c,30,EG0279,EQ002,010,0x898c
0x898e,30,EG0279,EQ002,010,0x898e
0x8990,28,EG0238,EQ018,110,0x8990
0x8992,28,EG0238,EQ018,110,0x8992
0x8994,28,EG0238,EQ018,110,0x8994
0x8996,28,EG0238,EQ018,110,0x8996
0x8998,26,EG0512,EQ028,110,0x8998
0x899a,24,EG1043,EQ033,110,0x899a
0x899c,26,EG0512,EQ028,110,0x899c
0x899e,24,EG1043,EQ033,110,0x899e
0x89a0,30,EG0237,EQ003,010,0x89a0
0x89a2,28,EG0914,EQ006,010,0x89a2
0x89a4,30,EG0237,EQ003,010,0x89a4
0x89a6,28,EG0914,EQ006,010,0x89a6
0x89a8,28,EG0511,EQ009,010,0x89a8
0x89aa,28,EG0511,EQ009,010,0x89aa
0x89ac,28,EG0511,EQ009,010,0x89ac
0x89ae,28,EG0511,EQ009,010,0x89ae
0x89b0,30,EG0002,EQ002,110,0x89b0
0x89b2,30,EG0002,EQ002,110,0x89b2
0x89b4,30,EG0002,EQ002,110,0x89b4
0x89b6,30,EG0002,EQ002,110,0x89b6
0x89b8,28,EG0280,EQ008,110,0x89b8
0x89ba,26,EG0936,EQ010,110,0x89ba
0x89bc,28,EG0280,EQ008,110,0x89bc
0x89be,26,EG0936,EQ010,110,0x89be
0x89c0,30,EG0553,EQ003,010,0x89c0
0x89c2,32,EG0001,EQ001,010,0x89c2
0x89c4,30,EG0553,EQ003,010,0x89c4
0x89c6,32,EG0001,EQ001,010,0x89c6
0x89c8,30,EG0279,EQ002,010,0x89c8
0x89ca,30,EG0279,EQ002,010,0x89ca
0x89cc,30,EG0279,EQ002,010,0x89cc
0x89ce,30,EG0279,EQ002,010,0x89ce
0x89d0,28,EG0238,EQ018,110,0x89d0
0x89d2,28,EG0238,EQ018,110,0x89d2
0x89d4,28,EG0238,EQ018,110,0x89d4
0x89d6,28,EG0238,EQ018,110,0x89d6
0x89d8,24,EG0788,EQ036,110,0x89d8
0x89da,26,EG0512,EQ028,110,0x89da
0x89dc,24,EG0788,EQ036,110,0x89dc
0x89de,26,EG0512,EQ028,110,0x89de
0x89e0,28,EG0660,EQ006,010,0x89e0
0x89e2,30,EG0237,EQ003,010,0x89e2
0x89e4,28,EG0660,EQ006,010,0x89e4
0x89e6,30,EG0237,EQ003,010,0x89e6
0x89e8,28,EG0511,EQ009,010,0x89e8
0x89ea,28,EG0511,EQ009,010,0x89ea
0x89ec,28,EG0511,EQ009,010,0x89ec
0x89ee,28,EG0511,EQ009,010,0x89ee
0x89f0,30,EG0002,EQ002,110,0x89f0
0x89f2,30,EG0002,EQ002,110,0x89f2
0x89f4,30,EG0002,EQ002,110,0x89f4
0x89f6,30,EG0002,EQ002,110,0x89f6
0x89f8,26,EG0682,EQ010,110,0x89f8
0x89fa,28,EG0280,EQ008,110,0x89fa
0x89fc,26,EG0682,EQ010,110,0x89fc
0x89fe,28,EG0280,EQ008,110,0x89fe
0x8a00,26,EG0717,EQ011,000,0x8a00
0x8a02,28,EG0384,EQ008,000,0x8a02
0x8a04,26,EG0741,EQ011,000,0x8a04
0x8a06,28,EG0333,EQ008,000,0x8a06
0x8a08,30,EG0055,EQ002,000,0x8a08
0x8a0a,30,EG0109,EQ002,000,0x8a0a
0x8a0c,30,EG0109,EQ002,000,0x8a0c
0x8a0e,30,EG0055,EQ002,000,0x8a0e
0x8a10,24,EG0527,EQ030,100,0x8a10
0x8a12,24,EG0541,EQ029,100,0x8a12
0x8a14,24,EG0541,EQ029,100,0x8a14
0x8a16,24,EG0527,EQ030,100,0x8a16
0x8a18,24,EG0671,EQ025,100,0x8a18
0x8a1a,26,EG0267,EQ019,100,0x8a1a
0x8a1c,24,EG0676,EQ024,100,0x8a1c
0x8a1e,26,EG0253,EQ020,100,0x8a1e
0x8a20,24,EG0795,EQ015,000,0x8a20
0x8a22,26,EG0539,EQ010,000,0x8a22
0x8a24,24,EG0802,EQ015,000,0x8a24
0x8a26,26,EG0525,EQ010,000,0x8a26
0x8a28,28,EG0251,EQ004,000,0x8a28
0x8a2a,28,EG0265,EQ004,000,0x8a2a
0x8a2c,28,EG0265,EQ004,000,0x8a2c
0x8a2e,28,EG0251,EQ004,000,0x8a2e
0x8a30,26,EG0335,EQ027,100,0x8a30
0x8a32,26,EG0386,EQ026,100,0x8a32
0x8a34,26,EG0386,EQ026,100,0x8a34
0x8a36,26,EG0335,EQ027,100,0x8a36
0x8a38,26,EG0592,EQ022,100,0x8a38
0x8a3a,28,EG0111,EQ016,100,0x8a3a
0x8a3c,26,EG0618,EQ021,100,0x8a3c
0x8a3e,28,EG0057,EQ017,100,0x8a3e
0x8a40,28,EG0333,EQ008,000,0x8a40
0x8a42,26,EG0997,EQ011,000,0x8a42
0x8a44,28,EG0384,EQ008,000,0x8a44
0x8a46,26,EG0971,EQ011,000,0x8a46
0x8a48,30,EG0055,EQ002,000,0x8a48
0x8a4a,30,EG0109,EQ002,000,0x8a4a
0x8a4c,30,EG0109,EQ002,000,0x8a4c
0x8a4e,30,EG0055,EQ002,000,0x8a4e
0x8a50,24,EG0527,EQ030,100,0x8a50
0x8a52,24,EG0541,EQ029,100,0x8a52
0x8a54,24,EG0541,EQ029,100,0x8a54
0x8a56,24,EG0527,EQ030,100,0x8a56
0x8a58,26,EG0253,EQ020,100,0x8a58
0x8a5a,24,EG0932,EQ024,100,0x8a5a
0x8a5c,26,EG0267,EQ019,100,0x8a5c
0x8a5e,24,EG0925,EQ025,100,0x8a5e
0x8a60,26,EG0525,EQ010,000,0x8a60
0x8a62,24,EG1055,EQ013,000,0x8a62
0x8a64,26,EG0539,EQ010,000,0x8a64
0x8a66,24,EG1050,EQ013,000,0x8a66
0x8a68,28,EG0251,EQ004,000,0x8a68
0x8a6a,28,EG0265,EQ004,000,0x8a6a
0x8a6c,28,EG0265,EQ004,000,0x8a6c
0x8a6e,28,EG0251,EQ004,000,0x8a6e
0x8a70,26,EG0335,EQ027,100,0x8a70
0x8a72,26,EG0386,EQ026,100,0x8a72
0x8a74,26,EG0386,EQ026,100,0x8a74
0x8a76,26,EG0335,EQ027,100,0x8a76
0x8a78,28,EG0057,EQ017,100,0x8a78
0x8a7a,26,EG0870,EQ021,100,0x8a7a
0x8a7c,28,EG0111,EQ016,100,0x8a7c
0x8a7e,26,EG0846,EQ022,100,0x8a7e
0x8a80,30,EG0279,EQ002,000,0x8a80
0x8a82,28,EG0935,EQ004,000,0x8a82
0x8a84,30,EG0279,EQ002,000,0x8a84
0x8a86,28,EG0935,EQ004,000,0x8a86
0x8a88,32,EG0001,EQ001,000,0x8a88
0x8a8a,32,EG0001,EQ001,000,0x8a8a
0x8a8c,32,EG0001,EQ001,000,0x8a8c
0x8a8e,32,EG0001,EQ001,000,0x8a8e
0x8a90,28,EG0281,EQ008,100,0x8a90
0x8a92,28,EG0281,EQ008,100,0x8a92
0x8a94,28,EG0281,EQ008,100,0x8a94
0x8a96,28,EG0281,EQ008,100,0x8a96
0x8a98,30,EG0003,EQ002,100,0x8a98
0x8a9a,28,EG0809,EQ009,100,0x8a9a
0x8a9c,30,EG0003,EQ002,100,0x8a9c
0x8a9e,28,EG0809,EQ009,100,0x8a9e
0x8aa0,30,EG0279,EQ002,000,0x8aa0
0x8aa2,28,EG0935,EQ004,000,0x8aa2
0x8aa4,30,EG0279,EQ002,000,0x8aa4
0x8aa6,28,EG0935,EQ004,000,0x8aa6
0x8aa8,32,EG0001,EQ001,000,0x8aa8
0x8aaa,32,EG0001,EQ001,000,0x8aaa
0x8aac,32,EG0001,EQ001,000,0x8aac
0x8aae,32,EG0001,EQ001,000,0x8aae
0x8ab0,28,EG0281,EQ008,100,0x8ab0
0x8ab2,28,EG0281,EQ008,100,0x8ab2
0x8ab4,28,EG0281,EQ008,100,0x8ab4
0x8ab6,28,EG0281,EQ008,100,0x8ab6
0x8ab8,30,EG0003,EQ002,100,0x8ab8
0x8aba,28,EG0809,EQ009,100,0x8aba
0x8abc,30,EG0003,EQ002,100,0x8abc
0x8abe,28,EG0809,EQ009,100,0x8abe
0x8ac0,28,EG0681,EQ004,000,0x8ac0
0x8ac2,30,EG0279,EQ002,000,0x8ac2
0x8ac4,28,EG0681,EQ004,000,0x8ac4
0x8ac6,30,EG0279,EQ002,000,0x8ac6
0x8ac8,32,EG0001,EQ001,000,0x8ac8
0x8aca,32,EG0001,EQ001,000,0x8aca
0x8acc,32,EG0001,EQ001,000,0x8acc
0x8ace,32,EG0001,EQ001,000,0x8ace
0x8ad0,28,EG0281,EQ008,100,0x8ad0
0x8ad2,28,EG0281,EQ008,100,0x8ad2
0x8ad4,28,EG0281,EQ008,100,0x8ad4
0x8ad6,28,EG0281,EQ008,100,0x8ad6
0x8ad8,28,EG0555,EQ009,100,0x8ad8
0x8ada,30,EG0003,EQ002,100,0x8ada
0x8adc,28,EG0555,EQ009,100,0x8adc
0x8ade,30,EG0003,EQ002,100,0x8ade
0x8ae0,28,EG0681,EQ004,000,0x8ae0
0x8ae2,30,EG0279,EQ002,000,0x8ae2
0x8ae4,28,EG0681,EQ004,000,0x8ae4
0x8ae6,30,EG0279,EQ002,000,0x8ae6
0x8ae8,32,EG0001,EQ001,000,0x8ae8
0x8aea,32,EG0001,EQ001,000,0x8aea
0x8aec,32,EG0001,EQ001,000,0x8aec
0x8aee,32,EG0001,EQ001,000,0x8aee
0x8af0,28,EG0281,EQ008,100,0x8af0
0x8af2,28,EG0281,EQ008,100,0x8af2
0x8af4,28,EG0281,EQ008,100,0x8af4
0x8af6,28,EG0281,EQ008,100,0x8af6
0x8af8,28,EG0555,EQ009,100,0x8af8
0x8afa,30,EG0003,EQ002,100,0x8afa
0x8afc,28,EG0555,EQ009,100,0x8afc
0x8afe,30,EG0003,EQ002,100,0x8afe
0x8b00,28,EG0590,EQ005,010,0x8b00
0x8b02,30,EG0109,EQ002,010,0x8b02
0x8b04,28,EG0616,EQ005,010,0x8b04
0x8b06,30,EG0055,EQ002,010,0x8b06
0x8b08,28,EG0333,EQ008,010,0x8b08
0x8b0a,28,EG0384,EQ008,010,0x8b0a
0x8b0c,28,EG0384,EQ008,010,0x8b0c
0x8b0e,28,EG0333,EQ008,010,0x8b0e
0x8b10,28,EG0057,EQ017,110,0x8b10
0x8b12,28,EG0111,EQ016,110,0x8b12
0x8b14,28,EG0111,EQ016,110,0x8b14
0x8b16,28,EG0057,EQ017,110,0x8b16
0x8b18,24,EG0719,EQ032,110,0x8b18
0x8b1a,26,EG0386,EQ026,110,0x8b1a
0x8b1c,24,EG0743,EQ031,110,0x8b1c
0x8b1e,26,EG0335,EQ027,110,0x8b1e
0x8b20,28,EG0590,EQ005,010,0x8b20
0x8b22,30,EG0109,EQ002,010,0x8b22
0x8b24,28,EG0616,EQ005,010,0x8b24
0x8b26,30,EG0055,EQ002,010,0x8b26
0x8b28,28,EG0333,EQ008,010,0x8b28
0x8b2a,28,EG0384,EQ008,010,0x8b2a
0x8b2c,28,EG0384,EQ008,010,0x8b2c
0x8b2e,28,EG0333,EQ008,010,0x8b2e
0x8b30,28,EG0057,EQ017,110,0x8b30
0x8b32,28,EG0111,EQ016,110,0x8b32
0x8b34,28,EG0111,EQ016,110,0x8b34
0x8b36,28,EG0057,EQ017,110,0x8b36
0x8b38,24,EG0719,EQ032,110,0x8b38
0x8b3a,26,EG0386,EQ026,110,0x8b3a
0x8b3c,24,EG0743,EQ031,110,0x8b3c
0x8b3e,26,EG0335,EQ027,110,0x8b3e
0x8b40,30,EG0055,EQ002,010,0x8b40
0x8b42,28,EG0868,EQ005,010,0x8b42
0x8b44,30,EG0109,EQ002,010,0x8b44
0x8b46,28,EG0844,EQ005,010,0x8b46
0x8b48,28,EG0333,EQ008,010,0x8b48
0x8b4a,28,EG0384,EQ008,010,0x8b4a
0x8b4c,28,EG0384,EQ008,010,0x8b4c
0x8b4e,28,EG0333,EQ008,010,0x8b4e
0x8b50,28,EG0057,EQ017,110,0x8b50
0x8b52,28,EG0111,EQ016,110,0x8b52
0x8b54,28,EG0111,EQ016,110,0x8b54
0x8b56,28,EG0057,EQ017,110,0x8b56
0x8b58,26,EG0335,EQ027,110,0x8b58
0x8b5a,24,EG0999,EQ031,110,0x8b5a
0x8b5c,26,EG0386,EQ026,110,0x8b5c
0x8b5e,24,EG0973,EQ032,110,0x8b5e
0x8b60,30,EG0055,EQ002,010,0x8b60
0x8b62,28,EG0868,EQ005,010,0x8b62
0x8b64,30,EG0109,EQ002,010,0x8b64
0x8b66,28,EG0844,EQ005,010,0x8b66
0x8b68,28,EG0333,EQ008,010,0x8b68
0x8b6a,28,EG0384,EQ008,010,0x8b6a
0x8b6c,28,EG0384,EQ008,010,0x8b6c
0x8b6e,28,EG0333,EQ008,010,0x8b6e
0x8b70,28,EG0057,EQ017,110,0x8b70
0x8b72,28,EG0111,EQ016,110,0x8b72
0x8b74,28,EG0111,EQ016,110,0x8b74
0x8b76,28,EG0057,EQ017,110,0x8b76
0x8b78,26,EG0335,EQ027,110,0x8b78
0x8b7a,24,EG0999,EQ031,110,0x8b7a
0x8b7c,26,EG0386,EQ026,110,0x8b7c
0x8b7e,24,EG0973,EQ032,110,0x8b7e
0x8b80,32,EG0001,EQ001,010,0x8b80
0x8b82,30,EG0807,EQ003,010,0x8b82
0x8b84,32,EG0001,EQ001,010,0x8b84
0x8b86,30,EG0807,EQ003,010,0x8b86
0x8b88,30,EG0279,EQ002,010,0x8b88
0x8b8a,30,EG0279,EQ002,010,0x8b8a
0x8b8c,30,EG0279,EQ002,010,0x8b8c
0x8b8e,30,EG0279,EQ002,010,0x8b8e
0x8b90,28,EG0239,EQ018,110,0x8b90
0x8b92,28,EG0239,EQ018,110,0x8b92
0x8b94,28,EG0239,EQ018,110,0x8b94
0x8b96,28,EG0239,EQ018,110,0x8b96
0x8b98,26,EG0513,EQ028,110,0x8b98
0x8b9a,24,EG1044,EQ033,110,0x8b9a
0x8b9c,26,EG0513,EQ028,110,0x8b9c
0x8b9e,24,EG1044,EQ033,110,0x8b9e
0x8ba0,30,EG0237,EQ003,010,0x8ba0
0x8ba2,28,EG0914,EQ006,010,0x8ba2
0x8ba4,30,EG0237,EQ003,010,0x8ba4
0x8ba6,28,EG0914,EQ006,010,0x8ba6
0x8ba8,28,EG0511,EQ009,010,0x8ba8
0x8baa,28,EG0511,EQ009,010,0x8baa
0x8bac,28,EG0511,EQ009,010,0x8bac
0x8bae,28,EG0511,EQ009,010,0x8bae
0x8bb0,30,EG0003,EQ002,110,0x8bb0
0x8bb2,30,EG0003,EQ002,110,0x8bb2
0x8bb4,30,EG0003,EQ002,110,0x8bb4
0x8bb6,30,EG0003,EQ002,110,0x8bb6
0x8bb8,28,EG0281,EQ008,110,0x8bb8
0x8bba,26,EG0937,EQ010,110,0x8bba
0x8bbc,28,EG0281,EQ008,110,0x8bbc
0x8bbe,26,EG0937,EQ010,110,0x8bbe
0x8bc0,30,EG0553,EQ003,010,0x8bc0
0x8bc2,32,EG0001,EQ001,010,0x8bc2
0x8bc4,30,EG0553,EQ003,010,0x8bc4
0x8bc6,32,EG0001,EQ001,010,0x8bc6
0x8bc8,30,EG0279,EQ002,010,0x8bc8
0x8bca,30,EG0279,EQ002,010,0x8bca
0x8bcc,30,EG0279,EQ002,010,0x8bcc
0x8bce,30,EG0279,EQ002,010,0x8bce
0x8bd0,28,EG0239,EQ018,110,0x8bd0
0x8bd2,28,EG0239,EQ018,110,0x8bd2
0x8bd4,28,EG0239,EQ018,110,0x8bd4
0x8bd6,28,EG0239,EQ018,110,0x8bd6
0x8bd8,24,EG0789,EQ036,110,0x8bd8
0x8bda,26,EG0513,EQ028,110,0x8bda
0x8bdc,24,EG0789,EQ036,110,0x8bdc
0x8bde,26,EG0513,EQ028,110,0x8bde
0x8be0,28,EG0660,EQ006,010,0x8be0
0x8be2,30,EG0237,EQ003,010,0x8be2
0x8be4,28,EG0660,EQ006,010,0x8be4
0x8be6,30,EG0237,EQ003,010,0x8be6
0x8be8,28,EG0511,EQ009,010,0x8be8
0x8bea,28,EG0511,EQ009,010,0x8bea
0x8bec,28,EG0511,EQ009,010,0x8bec
0x8bee,28,EG0511,EQ009,010,0x8bee
0x8bf0,30,EG0003,EQ002,110,0x8bf0
0x8bf2,30,EG0003,EQ002,110,0x8bf2
0x8bf4,30,EG0003,EQ002,110,0x8bf4
0x8bf6,30,EG0003,EQ002,110,0x8bf6
0x8bf8,26,EG0683,EQ010,110,0x8bf8
0x8bfa,28,EG0281,EQ008,110,0x8bfa
0x8bfc,26,EG0683,EQ010,110,0x8bfc
0x8bfe,28,EG0281,EQ008,110,0x8bfe
0x9000,24,EG0767,EQ055,001,0x9000
0x9002,26,EG0435,EQ021,001,0x9002
0x9004,24,EG0767,EQ055,001,0x9004
0x9006,26,EG0435,EQ021,001,0x9006
0x9008,28,EG0163,EQ005,001,0x9008
0x900a,28,EG0163,EQ005,001,0x900a
0x900c,28,EG0163,EQ005,001,0x900c
0x900e,28,EG0163,EQ005,001,0x900e
0x9010,26,EG0298,EQ026,101,0x9010
0x9012,26,EG0298,EQ026,101,0x9012
0x9014,26,EG0298,EQ026,101,0x9014
0x9016,26,EG0298,EQ026,101,0x9016
0x9018,26,EG0568,EQ028,101,0x9018
0x901a,28,EG0020,EQ008,101,0x901a
0x901c,26,EG0568,EQ028,101,0x901c
0x901e,28,EG0020,EQ008,101,0x901e
0x9020,26,EG0703,EQ020,001,0x9020
0x9022,28,EG0315,EQ017,001,0x9022
0x9024,26,EG0703,EQ020,001,0x9024
0x9026,28,EG0315,EQ017,001,0x9026
0x9028,30,EG0037,EQ002,001,0x9028
0x902a,30,EG0037,EQ002,001,0x902a
0x902c,30,EG0037,EQ002,001,0x902c
0x902e,30,EG0037,EQ002,001,0x902e
0x9030,24,EG0450,EQ078,101,0x9030
0x9032,24,EG0450,EQ078,101,0x9032
0x9034,24,EG0450,EQ078,101,0x9034
0x9036,24,EG0450,EQ078,101,0x9036
0x9038,24,EG0641,EQ079,101,0x9038
0x903a,26,EG0178,EQ044,101,0x903a
0x903c,24,EG0641,EQ079,101,0x903c
0x903e,26,EG0178,EQ044,101,0x903e
0x9040,26,EG0449,EQ022,001,0x9040
0x9042,24,EG1021,EQ058,001,0x9042
0x9044,26,EG0449,EQ022,001,0x9044
0x9046,24,EG1021,EQ058,001,0x9046
0x9048,28,EG0177,EQ005,001,0x9048
0x904a,28,EG0177,EQ005,001,0x904a
0x904c,28,EG0177,EQ005,001,0x904c
0x904e,28,EG0177,EQ005,001,0x904e
0x9050,26,EG0316,EQ027,101,0x9050
0x9052,26,EG0316,EQ027,101,0x9052
0x9054,26,EG0316,EQ027,101,0x9054
0x9056,26,EG0316,EQ027,101,0x9056
0x9058,28,EG0038,EQ008,101,0x9058
0x905a,26,EG0831,EQ028,101,0x905a
0x905c,28,EG0038,EQ008,101,0x905c
0x905e,26,EG0831,EQ028,101,0x905e
0x9060,28,EG0297,EQ016,001,0x9060
0x9062,26,EG0949,EQ019,001,0x9062
0x9064,28,EG0297,EQ016,001,0x9064
0x9066,26,EG0949,EQ019,001,0x9066
0x9068,30,EG0019,EQ002,001,0x9068
0x906a,30,EG0019,EQ002,001,0x906a
0x906c,30,EG0019,EQ002,001,0x906c
0x906e,30,EG0019,EQ002,001,0x906e
0x9070,24,EG0436,EQ077,101,0x9070
0x9072,24,EG0436,EQ077,101,0x9072
0x9074,24,EG0436,EQ077,101,0x9074
0x9076,24,EG0436,EQ077,101,0x9076
0x9078,26,EG0164,EQ044,101,0x9078
0x907a,24,EG0895,EQ079,101,0x907a
0x907c,26,EG0164,EQ044,101,0x907c
0x907e,24,EG0895,EQ079,101,0x907e
0x9080,26,EG0351,EQ026,001,0x9080
0x9082,24,EG1007,EQ061,001,0x9082
0x9084,26,EG0402,EQ026,001,0x9084
0x9086,24,EG0980,EQ061,001,0x9086
0x9088,28,EG0073,EQ008,001,0x9088
0x908a,28,EG0127,EQ008,001,0x908a
0x908c,28,EG0127,EQ008,001,0x908c
0x908e,28,EG0073,EQ008,001,0x908e
0x9090,24,EG0352,EQ082,101,0x9090
0x9092,24,EG0403,EQ083,101,0x9092
0x9094,24,EG0403,EQ083,101,0x9094
0x9096,24,EG0352,EQ082,101,0x9096
0x9098,26,EG0074,EQ026,101,0x9098
0x909a,24,EG0879,EQ078,101,0x909a
0x909c,26,EG0128,EQ027,101,0x909c
0x909e,24,EG0854,EQ077,101,0x909e
0x90a0,26,EG0368,EQ027,001,0x90a0
0x90a2,24,EG1016,EQ062,001,0x90a2
0x90a4,26,EG0418,EQ027,001,0x90a4
0x90a6,24,EG0990,EQ062,001,0x90a6
0x90a8,28,EG0091,EQ008,001,0x90a8
0x90aa,28,EG0145,EQ008,001,0x90aa
0x90ac,28,EG0145,EQ008,001,0x90ac
0x90ae,28,EG0091,EQ008,001,0x90ae
0x90b0,24,EG0369,EQ083,101,0x90b0
0x90b2,24,EG0419,EQ090,101,0x90b2
0x90b4,24,EG0419,EQ090,101,0x90b4
0x90b6,24,EG0369,EQ083,101,0x90b6
0x90b8,26,EG0092,EQ026,101,0x90b8
0x90ba,24,EG0886,EQ078,101,0x90ba
0x90bc,26,EG0146,EQ027,101,0x90bc
0x90be,24,EG0859,EQ077,101,0x90be
0x90c0,24,EG0732,EQ062,001,0x90c0
0x90c2,26,EG0418,EQ027,001,0x90c2
0x90c4,24,EG0757,EQ062,001,0x90c4
0x90c6,26,EG0368,EQ027,001,0x90c6
0x90c8,28,EG0091,EQ008,001,0x90c8
0x90ca,28,EG0145,EQ008,001,0x90ca
0x90cc,28,EG0145,EQ008,001,0x90cc
0x90ce,28,EG0091,EQ008,001,0x90ce
0x90d0,24,EG0369,EQ083,101,0x90d0
0x90d2,24,EG0419,EQ090,101,0x90d2
0x90d4,24,EG0419,EQ090,101,0x90d4
0x90d6,24,EG0369,EQ083,101,0x90d6
0x90d8,24,EG0610,EQ077,101,0x90d8
0x90da,26,EG0146,EQ027,101,0x90da
0x90dc,24,EG0636,EQ078,101,0x90dc
0x90de,26,EG0092,EQ026,101,0x90de
0x90e0,24,EG0727,EQ061,001,0x90e0
0x90e2,26,EG0402,EQ026,001,0x90e2
0x90e4,24,EG0750,EQ061,001,0x90e4
0x90e6,26,EG0351,EQ026,001,0x90e6
0x90e8,28,EG0073,EQ008,001,0x90e8
0x90ea,28,EG0127,EQ008,001,0x90ea
0x90ec,28,EG0127,EQ008,001,0x90ec
0x90ee,28,EG0073,EQ008,001,0x90ee
0x90f0,24,EG0352,EQ082,101,0x90f0
0x90f2,24,EG0403,EQ083,101,0x90f2
0x90f4,24,EG0403,EQ083,101,0x90f4
0x90f6,24,EG0352,EQ082,101,0x90f6
0x90f8,24,EG0601,EQ077,101,0x90f8
0x90fa,26,EG0128,EQ027,101,0x90fa
0x90fc,24,EG0626,EQ078,101,0x90fc
0x90fe,26,EG0074,EQ026,101,0x90fe
0x9100,28,EG0567,EQ018,011,0x9100
0x9102,30,EG0019,EQ002,011,0x9102
0x9104,28,EG0567,EQ018,011,0x9104
0x9106,30,EG0019,EQ002,011,0x9106
0x9108,28,EG0297,EQ016,011,0x9108
0x910a,28,EG0297,EQ016,011,0x910a
0x910c,28,EG0297,EQ016,011,0x910c
0x910e,28,EG0297,EQ016,011,0x910e
0x9110,28,EG0020,EQ008,111,0x9110
0x9112,28,EG0020,EQ008,111,0x9112
0x9114,28,EG0020,EQ008,111,0x9114
0x9116,28,EG0020,EQ008,111,0x9116
0x9118,24,EG0696,EQ029,111,0x9118
0x911a,26,EG0298,EQ026,111,0x911a
0x911c,24,EG0696,EQ029,111,0x911c
0x911e,26,EG0298,EQ026,111,0x911e
0x9120,28,EG0581,EQ018,011,0x9120
0x9122,30,EG0037,EQ002,011,0x9122
0x9124,28,EG0581,EQ018,011,0x9124
0x9126,30,EG0037,EQ002,011,0x9126
0x9128,28,EG0315,EQ017,011,0x9128
0x912a,28,EG0315,EQ017,011,0x912a
0x912c,28,EG0315,EQ017,011,0x912c
0x912e,28,EG0315,EQ017,011,0x912e
0x9130,28,EG0038,EQ008,111,0x9130
0x9132,28,EG0038,EQ008,111,0x9132
0x9134,28,EG0038,EQ008,111,0x9134
0x9136,28,EG0038,EQ008,111,0x9136
0x9138,24,EG0704,EQ030,111,0x9138
0x913a,26,EG0316,EQ027,111,0x913a
0x913c,24,EG0704,EQ030,111,0x913c
0x913e,26,EG0316,EQ027,111,0x913e
0x9140,30,EG0037,EQ002,011,0x9140
0x9142,28,EG0830,EQ018,011,0x9142
0x9144,30,EG0037,EQ002,011,0x9144
0x9146,28,EG0830,EQ018,011,0x9146
0x9148,28,EG0315,EQ017,011,0x9148
0x914a,28,EG0315,EQ017,011,0x914a
0x914c,28,EG0315,EQ017,011,0x914c
0x914e,28,EG0315,EQ017,011,0x914e
0x9150,28,EG0038,EQ008,111,0x9150
0x9152,28,EG0038,EQ008,111,0x9152
0x9154,28,EG0038,EQ008,111,0x9154
0x9156,28,EG0038,EQ008,111,0x9156
0x9158,26,EG0316,EQ027,111,0x9158
0x915a,24,EG0964,EQ030,111,0x915a
0x915c,26,EG0316,EQ027,111,0x915c
0x915e,24,EG0964,EQ030,111,0x915e
0x9160,30,EG0019,EQ002,011,0x9160
0x9162,28,EG0821,EQ018,011,0x9162
0x9164,30,EG0019,EQ002,011,0x9164
0x9166,28,EG0821,EQ018,011,0x9166
0x9168,28,EG0297,EQ016,011,0x9168
0x916a,28,EG0297,EQ016,011,0x916a
0x916c,28,EG0297,EQ016,011,0x916c
0x916e,28,EG0297,EQ016,011,0x916e
0x9170,28,EG0020,EQ008,111,0x9170
0x9172,28,EG0020,EQ008,111,0x9172
0x9174,28,EG0020,EQ008,111,0x9174
0x9176,28,EG0020,EQ008,111,0x9176
0x9178,26,EG0298,EQ026,111,0x9178
0x917a,24,EG0950,EQ029,111,0x917a
0x917c,26,EG0298,EQ026,111,0x917c
0x917e,24,EG0950,EQ029,111,0x917e
0x9180,26,EG0191,EQ011,011,0x9180
0x9182,24,EG0909,EQ048,011,0x9182
0x9184,26,EG0214,EQ011,011,0x9184
0x9186,24,EG0902,EQ048,011,0x9186
0x9188,24,EG0463,EQ031,011,0x9188
0x918a,24,EG0487,EQ031,011,0x918a
0x918c,24,EG0487,EQ031,011,0x918c
0x918e,24,EG0463,EQ031,011,0x918e
0x9190,26,EG0074,EQ026,111,0x9190
0x9192,26,EG0128,EQ027,111,0x9192
0x9194,26,EG0128,EQ027,111,0x9194
0x9196,26,EG0074,EQ026,111,0x9196
0x9198,24,EG0352,EQ082,111,0x9198
0x919a,22,EG1008,EQ086,111,0x919a
0x919c,24,EG0403,EQ083,111,0x919c
0x919e,22,EG0981,EQ084,111,0x919e
0x91a0,28,EG0091,EQ008,011,0x91a0
0x91a2,26,EG0885,EQ044,011,0x91a2
0x91a4,28,EG0145,EQ008,011,0x91a4
0x91a6,26,EG0858,EQ044,011,0x91a6
0x91a8,26,EG0368,EQ027,011,0x91a8
0x91aa,26,EG0418,EQ027,011,0x91aa
0x91ac,26,EG0418,EQ027,011,0x91ac
0x91ae,26,EG0368,EQ027,011,0x91ae
0x91b0,24,EG0202,EQ061,111,0x91b0
0x91b2,24,EG0228,EQ062,111,0x91b2
0x91b4,24,EG0228,EQ062,111,0x91b4
0x91b6,24,EG0202,EQ061,111,0x91b6
0x91b8,22,EG0475,EQ086,111,0x91b8
0x91ba,20,EG1036,EQ094,111,0x91ba
0x91bc,22,EG0501,EQ091,111,0x91bc
0x91be,20,EG1031,EQ093,111,0x91be
0x91c0,24,EG0648,EQ048,011,0x91c0
0x91c2,26,EG0227,EQ011,011,0x91c2
0x91c4,24,EG0653,EQ048,011,0x91c4
0x91c6,26,EG0201,EQ011,011,0x91c6
0x91c8,24,EG0474,EQ032,011,0x91c8
0x91ca,24,EG0500,EQ032,011,0x91ca
0x91cc,24,EG0500,EQ032,011,0x91cc
0x91ce,24,EG0474,EQ032,011,0x91ce
0x91d0,26,EG0092,EQ026,111,0x91d0
0x91d2,26,EG0146,EQ027,111,0x91d2
0x91d4,26,EG0146,EQ027,111,0x91d4
0x91d6,26,EG0092,EQ026,111,0x91d6
0x91d8,22,EG0733,EQ085,111,0x91d8
0x91da,24,EG0419,EQ090,111,0x91da
0x91dc,22,EG0758,EQ091,111,0x91dc
0x91de,24,EG0369,EQ083,111,0x91de
0x91e0,26,EG0600,EQ044,011,0x91e0
0x91e2,28,EG0127,EQ008,011,0x91e2
0x91e4,26,EG0625,EQ044,011,0x91e4
0x91e6,28,EG0073,EQ008,011,0x91e6
0x91e8,26,EG0351,EQ026,011,0x91e8
0x91ea,26,EG0402,EQ026,011,0x91ea
0x91ec,26,EG0402,EQ026,011,0x91ec
0x91ee,26,EG0351,EQ026,011,0x91ee
0x91f0,24,EG0192,EQ061,111,0x91f0
0x91f2,24,EG0215,EQ062,111,0x91f2
0x91f4,24,EG0215,EQ062,111,0x91f4
0x91f6,24,EG0192,EQ061,111,0x91f6
0x91f8,20,EG0777,EQ088,111,0x91f8
0x91fa,22,EG0488,EQ085,111,0x91fa
0x91fc,20,EG0783,EQ089,111,0x91fc
0x91fe,22,EG0464,EQ084,111,0x91fe
0x9200,24,EG0767,EQ055,001,0x9200
0x9202,26,EG0435,EQ021,001,0x9202
0x9204,24,EG0767,EQ055,001,0x9204
0x9206,26,EG0435,EQ021,001,0x9206
0x9208,28,EG0163,EQ005,001,0x9208
0x920a,28,EG0163,EQ005,001,0x920a
0x920c,28,EG0163,EQ005,001,0x920c
0x920e,28,EG0163,EQ005,001,0x920e
0x9210,26,EG0299,EQ026,101,0x9210
0x9212,26,EG0299,EQ026,101,0x9212
0x9214,26,EG0299,EQ026,101,0x9214
0x9216,26,EG0299,EQ026,101,0x9216
0x9218,26,EG0569,EQ028,101,0x9218
0x921a,28,EG0021,EQ008,101,0x921a
0x921c,26,EG0569,EQ028,101,0x921c
0x921e,28,EG0021,EQ008,101,0x921e
0x9220,26,EG0703,EQ020,001,0x9220
0x9222,28,EG0315,EQ017,001,0x9222
0x9224,26,EG0703,EQ020,001,0x9224
0x9226,28,EG0315,EQ017,001,0x9226
0x9228,30,EG0037,EQ002,001,0x9228
0x922a,30,EG0037,EQ002,001,0x922a
0x922c,30,EG0037,EQ002,001,0x922c
0x922e,30,EG0037,EQ002,001,0x922e
0x9230,24,EG0451,EQ078,101,0x9230
0x9232,24,EG0451,EQ078,101,0x9232
0x9234,24,EG0451,EQ078,101,0x9234
0x9236,24,EG0451,EQ078,101,0x9236
0x9238,24,EG0642,EQ079,101,0x9238
0x923a,26,EG0179,EQ044,101,0x923a
0x923c,24,EG0642,EQ079,101,0x923c
0x923e,26,EG0179,EQ044,101,0x923e
0x9240,26,EG0449,EQ022,001,0x9240
0x9242,24,EG1021,EQ058,001,0x9242
0x9244,26,EG0449,EQ022,001,0x9244
0x9246,24,EG1021,EQ058,001,0x9246
0x9248,28,EG0177,EQ005,001,0x9248
0x924a,28,EG0177,EQ005,001,0x924a
0x924c,28,EG0177,EQ005,001,0x924c
0x924e,28,EG0177,EQ005,001,0x924e
0x9250,26,EG0317,EQ027,101,0x9250
0x9252,26,EG0317,EQ027,101,0x9252
0x9254,26,EG0317,EQ027,101,0x9254
0x9256,26,EG0317,EQ027,101,0x9256
0x9258,28,EG0039,EQ008,101,0x9258
0x925a,26,EG0832,EQ028,101,0x925a
0x925c,28,EG0039,EQ008,101,0x925c
0x925e,26,EG0832,EQ028,101,0x925e
0x9260,28,EG0297,EQ016,001,0x9260
0x9262,26,EG0949,EQ019,001,0x9262
0x9264,28,EG0297,EQ016,001,0x9264
0x9266,26,EG0949,EQ019,001,0x9266
0x9268,30,EG0019,EQ002,001,0x9268
0x926a,30,EG0019,EQ002,001,0x926a
0x926c,30,EG0019,EQ002,001,0x926c
0x926e,30,EG0019,EQ002,001,0x926e
0x9270,24,EG0437,EQ077,101,0x9270
0x9272,24,EG0437,EQ077,101,0x9272
0x9274,24,EG0437,EQ077,101,0x9274
0x9276,24,EG0437,EQ077,101,0x9276
0x9278,26,EG0165,EQ044,101,0x9278
0x927a,24,EG0896,EQ079,101,0x927a
0x927c,26,EG0165,EQ044,101,0x927c
0x927e,24,EG0896,EQ079,101,0x927e
0x9280,26,EG0351,EQ026,001,0x9280
0x9282,24,EG1007,EQ061,001,0x9282
0x9284,26,EG0402,EQ026,001,0x9284
0x9286,24,EG0980,EQ061,001,0x9286
0x9288,28,EG0073,EQ008,001,0x9288
0x928a,28,EG0127,EQ008,001,0x928a
0x928c,28,EG0127,EQ008,001,0x928c
0x928e,28,EG0073,EQ008,001,0x928e
0x9290,24,EG0353,EQ083,101,0x9290
0x9292,24,EG0404,EQ082,101,0x9292
0x9294,24,EG0404,EQ082,101,0x9294
0x9296,24,EG0353,EQ083,101,0x9296
0x9298,26,EG0075,EQ027,101,0x9298
0x929a,24,EG0880,EQ077,101,0x929a
0x929c,26,EG0129,EQ026,101,0x929c
0x929e,24,EG0855,EQ078,101,0x929e
0x92a0,26,EG0368,EQ027,001,0x92a0
0x92a2,24,EG1016,EQ062,001,0x92a2
0x92a4,26,EG0418,EQ027,001,0x92a4
0x92a6,24,EG0990,EQ062,001,0x92a6
0x92a8,28,EG0091,EQ008,001,0x92a8
0x92aa,28,EG0145,EQ008,001,0x92aa
0x92ac,28,EG0145,EQ008,001,0x92ac
0x92ae,28,EG0091,EQ008,001,0x92ae
0x92b0,24,EG0370,EQ090,101,0x92b0
0x92b2,24,EG0420,EQ083,101,0x92b2
0x92b4,24,EG0420,EQ083,101,0x92b4
0x92b6,24,EG0370,EQ090,101,0x92b6
0x92b8,26,EG0093,EQ027,101,0x92b8
0x92ba,24,EG0887,EQ077,101,0x92ba
0x92bc,26,EG0147,EQ026,101,0x92bc
0x92be,24,EG0860,EQ078,101,0x92be
0x92c0,24,EG0732,EQ062,001,0x92c0
0x92c2,26,EG0418,EQ027,001,0x92c2
0x92c4,24,EG0757,EQ062,001,0x92c4
0x92c6,26,EG0368,EQ027,001,0x92c6
0x92c8,28,EG0091,EQ008,001,0x92c8
0x92ca,28,EG0145,EQ008,001,0x92ca
0x92cc,28,EG0145,EQ008,001,0x92cc
0x92ce,28,EG0091,EQ008,001,0x92ce
0x92d0,24,EG0370,EQ090,101,0x92d0
0x92d2,24,EG0420,EQ083,101,0x92d2
0x92d4,24,EG0420,EQ083,101,0x92d4
0x92d6,24,EG0370,EQ090,101,0x92d6
0x92d8,24,EG0611,EQ078,101,0x92d8
0x92da,26,EG0147,EQ026,101,0x92da
0x92dc,24,EG0637,EQ077,101,0x92dc
0x92de,26,EG0093,EQ027,101,0x92de
0x92e0,24,EG0727,EQ061,001,0x92e0
0x92e2,26,EG0402,EQ026,001,0x92e2
0x92e4,24,EG0750,EQ061,001,0x92e4
0x92e6,26,EG0351,EQ026,001,0x92e6
0x92e8,28,EG0073,EQ008,001,0x92e8
0x92ea,28,EG0127,EQ008,001,0x92ea
0x92ec,28,EG0127,EQ008,001,0x92ec
0x92ee,28,EG0073,EQ008,001,0x92ee
0x92f0,24,EG0353,EQ083,101,0x92f0
0x92f2,24,EG0404,EQ082,101,0x92f2
0x92f4,24,EG0404,EQ082,101,0x92f4
0x92f6,24,EG0353,EQ083,101,0x92f6
0x92f8,24,EG0602,EQ078,101,0x92f8
0x92fa,26,EG0129,EQ026,101,0x92fa
0x92fc,24,EG0627,EQ077,101,0x92fc
0x92fe,26,EG0075,EQ027,101,0x92fe
0x9300,28,EG0567,EQ018,011,0x9300
0x9302,30,EG0019,EQ002,011,0x9302
0x9304,28,EG0567,EQ018,011,0x9304
0x9306,30,EG0019,EQ002,011,0x9306
0x9308,28,EG0297,EQ016,011,0x9308
0x930a,28,EG0297,EQ016,011,0x930a
0x930c,28,EG0297,EQ016,011,0x930c
0x930e,28,EG0297,EQ016,011,0x930e
0x9310,28,EG0021,EQ008,111,0x9310
0x9312,28,EG0021,EQ008,111,0x9312
0x9314,28,EG0021,EQ008,111,0x9314
0x9316,28,EG0021,EQ008,111,0x9316
0x9318,24,EG0697,EQ029,111,0x9318
0x931a,26,EG0299,EQ026,111,0x931a
0x931c,24,EG0697,EQ029,111,0x931c
0x931e,26,EG0299,EQ026,111,0x931e
0x9320,28,EG0581,EQ018,011,0x9320
0x9322,30,EG0037,EQ002,011,0x9322
0x9324,28,EG0581,EQ018,011,0x9324
0x9326,30,EG0037,EQ002,011,0x9326
0x9328,28,EG0315,EQ017,011,0x9328
0x932a,28,EG0315,EQ017,011,0x932a
0x932c,28,EG0315,EQ017,011,0x932c
0x932e,28,EG0315,EQ017,011,0x932e
0x9330,28,EG0039,EQ008,111,0x9330
0x9332,28,EG0039,EQ008,111,0x9332
0x9334,28,EG0039,EQ008,111,0x9334
0x9336,28,EG0039,EQ008,111,0x9336
0x9338,24,EG0705,EQ030,111,0x9338
0x933a,26,EG0317,EQ027,111,0x933a
0x933c,24,EG0705,EQ030,111,0x933c
0x933e,26,EG0317,EQ027,111,0x933e
0x9340,30,EG0037,EQ002,011,0x9340
0x9342,28,EG0830,EQ018,011,0x9342
0x9344,30,EG0037,EQ002,011,0x9344
0x9346,28,EG0830,EQ018,011,0x9346
0x9348,28,EG0315,EQ017,011,0x9348
0x934a,28,EG0315,EQ017,011,0x934a
0x934c,28,EG0315,EQ017,011,0x934c
0x934e,28,EG0315,EQ017,011,0x934e
0x9350,28,EG0039,EQ008,111,0x9350
0x9352,28,EG0039,EQ008,111,0x9352
0x9354,28,EG0039,EQ008,111,0x9354
0x9356,28,EG0039,EQ008,111,0x9356
0x9358,26,EG0317,EQ027,111,0x9358
0x935a,24,EG0965,EQ030,111,0x935a
0x935c,26,EG0317,EQ027,111,0x935c
0x935e,24,EG0965,EQ030,111,0x935e
0x9360,30,EG0019,EQ002,011,0x9360
0x9362,28,EG0821,EQ018,011,0x9362
0x9364,30,EG0019,EQ002,011,0x9364
0x9366,28,EG0821,EQ018,011,0x9366
0x9368,28,EG0297,EQ016,011,0x9368
0x936a,28,EG0297,EQ016,011,0x936a
0x936c,28,EG0297,EQ016,011,0x936c
0x936e,28,EG0297,EQ016,011,0x936e
0x9370,28,EG0021,EQ008,111,0x9370
0x9372,28,EG0021,EQ008,111,0x9372
0x9374,28,EG0021,EQ008,111,0x9374
0x9376,28,EG0021,EQ008,111,0x9376
0x9378,26,EG0299,EQ026,111,0x9378
0x937a,24,EG0951,EQ029,111,0x937a
0x937c,26,EG0299,EQ026,111,0x937c
0x937e,24,EG0951,EQ029,111,0x937e
0x9380,26,EG0191,EQ011,011,0x9380
0x9382,24,EG0909,EQ048,011,0x9382
0x9384,26,EG0214,EQ011,011,0x9384
0x9386,24,EG0902,EQ048,011,0x9386
0x9388,24,EG0463,EQ031,011,0x9388
0x938a,24,EG0487,EQ031,011,0x938a
0x938c,24,EG0487,EQ031,011,0x938c
0x938e,24,EG0463,EQ031,011,0x938e
0x9390,26,EG0075,EQ027,111,0x9390
0x9392,26,EG0129,EQ026,111,0x9392
0x9394,26,EG0129,EQ026,111,0x9394
0x9396,26,EG0075,EQ027,111,0x9396
0x9398,24,EG0353,EQ083,111,0x9398
0x939a,22,EG1009,EQ084,111,0x939a
0x939c,24,EG0404,EQ082,111,0x939c
0x939e,22,EG0982,EQ086,111,0x939e
0x93a0,28,EG0091,EQ008,011,0x93a0
0x93a2,26,EG0885,EQ044,011,0x93a2
0x93a4,28,EG0145,EQ008,011,0x93a4
0x93a6,26,EG0858,EQ044,011,0x93a6
0x93a8,26,EG0368,EQ027,011,0x93a8
0x93aa,26,EG0418,EQ027,011,0x93aa
0x93ac,26,EG0418,EQ027,011,0x93ac
0x93ae,26,EG0368,EQ027,011,0x93ae
0x93b0,24,EG0203,EQ062,111,0x93b0
0x93b2,24,EG0229,EQ061,111,0x93b2
0x93b4,24,EG0229,EQ061,111,0x93b4
0x93b6,24,EG0203,EQ062,111,0x93b6
0x93b8,22,EG0476,EQ091,111,0x93b8
0x93ba,20,EG1037,EQ093,111,0x93ba
0x93bc,22,EG0502,EQ086,111,0x93bc
0x93be,20,EG1032,EQ094,111,0x93be
0x93c0,24,EG0648,EQ048,011,0x93c0
0x93c2,26,EG0227,EQ011,011,0x93c2
0x93c4,24,EG0653,EQ048,011,0x93c4
0x93c6,26,EG0201,EQ011,011,0x93c6
0x93c8,24,EG0474,EQ032,011,0x93c8
0x93ca,24,EG0500,EQ032,011,0x93ca
0x93cc,24,EG0500,EQ032,011,0x93cc
0x93ce,24,EG0474,EQ032,011,0x93ce
0x93d0,26,EG0093,EQ027,111,0x93d0
0x93d2,26,EG0147,EQ026,111,0x93d2
0x93d4,26,EG0147,EQ026,111,0x93d4
0x93d6,26,EG0093,EQ027,111,0x93d6
0x93d8,22,EG0734,EQ091,111,0x93d8
0x93da,24,EG0420,EQ083,111,0x93da
0x93dc,22,EG0759,EQ085,111,0x93dc
0x93de,24,EG0370,EQ090,111,0x93de
0x93e0,26,EG0600,EQ044,011,0x93e0
0x93e2,28,EG0127,EQ008,011,0x93e2
0x93e4,26,EG0625,EQ044,011,0x93e4
0x93e6,28,EG0073,EQ008,011,0x93e6
0x93e8,26,EG0351,EQ026,011,0x93e8
0x93ea,26,EG0402,EQ026,011,0x93ea
0x93ec,26,EG0402,EQ026,011,0x93ec
0x93ee,26,EG0351,EQ026,011,0x93ee
0x93f0,24,EG0193,EQ062,111,0x93f0
0x93f2,24,EG0216,EQ061,111,0x93f2
0x93f4,24,EG0216,EQ061,111,0x93f4
0x93f6,24,EG0193,EQ062,111,0x93f6
0x93f8,20,EG0778,EQ089,111,0x93f8
0x93fa,22,EG0489,EQ084,111,0x93fa
0x93fc,20,EG0784,EQ088,111,0x93fc
0x93fe,22,EG0465,EQ085,111,0x93fe
0x9800,28,EG0681,EQ004,001,0x9800
0x9802,30,EG0279,EQ002,001,0x9802
0x9804,28,EG0681,EQ004,001,0x9804
0x9806,30,EG0279,EQ002,001,0x9806
0x9808,32,EG0001,EQ001,001,0x9808
0x980a,32,EG0001,EQ001,001,0x980a
0x980c,32,EG0001,EQ001,001,0x980c
0x980e,32,EG0001,EQ001,001,0x980e
0x9810,26,EG0512,EQ028,101,0x9810
0x9812,26,EG0512,EQ028,101,0x9812
0x9814,26,EG0512,EQ028,101,0x9814
0x9816,26,EG0512,EQ028,101,0x9816
0x9818,26,EG0661,EQ023,101,0x9818
0x981a,28,EG0238,EQ018,101,0x981a
0x981c,26,EG0661,EQ023,101,0x981c
0x981e,28,EG0238,EQ018,101,0x981e
0x9820,26,EG0787,EQ014,001,0x9820
0x9822,28,EG0511,EQ009,001,0x9822
0x9824,26,EG0787,EQ014,001,0x9824
0x9826,28,EG0511,EQ009,001,0x9826
0x9828,30,EG0237,EQ003,001,0x9828
0x982a,30,EG0237,EQ003,001,0x982a
0x982c,30,EG0237,EQ003,001,0x982c
0x982e,30,EG0237,EQ003,001,0x982e
0x9830,28,EG0280,EQ008,101,0x9830
0x9832,28,EG0280,EQ008,101,0x9832
0x9834,28,EG0280,EQ008,101,0x9834
0x9836,28,EG0280,EQ008,101,0x9836
0x9838,28,EG0554,EQ009,101,0x9838
0x983a,30,EG0002,EQ002,101,0x983a
0x983c,28,EG0554,EQ009,101,0x983c
0x983e,30,EG0002,EQ002,101,0x983e
0x9840,30,EG0279,EQ002,001,0x9840
0x9842,28,EG0935,EQ004,001,0x9842
0x9844,30,EG0279,EQ002,001,0x9844
0x9846,28,EG0935,EQ004,001,0x9846
0x9848,32,EG0001,EQ001,001,0x9848
0x984a,32,EG0001,EQ001,001,0x984a
0x984c,32,EG0001,EQ001,001,0x984c
0x984e,32,EG0001,EQ001,001,0x984e
0x9850,26,EG0512,EQ028,101,0x9850
0x9852,26,EG0512,EQ028,101,0x9852
0x9854,26,EG0512,EQ028,101,0x9854
0x9856,26,EG0512,EQ028,101,0x9856
0x9858,28,EG0238,EQ018,101,0x9858
0x985a,26,EG0915,EQ023,101,0x985a
0x985c,28,EG0238,EQ018,101,0x985c
0x985e,26,EG0915,EQ023,101,0x985e
0x9860,28,EG0511,EQ009,001,0x9860
0x9862,26,EG1042,EQ012,001,0x9862
0x9864,28,EG0511,EQ009,001,0x9864
0x9866,26,EG1042,EQ012,001,0x9866
0x9868,30,EG0237,EQ003,001,0x9868
0x986a,30,EG0237,EQ003,001,0x986a
0x986c,30,EG0237,EQ003,001,0x986c
0x986e,30,EG0237,EQ003,001,0x986e
0x9870,28,EG0280,EQ008,101,0x9870
0x9872,28,EG0280,EQ008,101,0x9872
0x9874,28,EG0280,EQ008,101,0x9874
0x9876,28,EG0280,EQ008,101,0x9876
0x9878,30,EG0002,EQ002,101,0x9878
0x987a,28,EG0808,EQ009,101,0x987a
0x987c,30,EG0002,EQ002,101,0x987c
0x987e,28,EG0808,EQ009,101,0x987e
0x9880,28,EG0333,EQ008,001,0x9880
0x9882,26,EG0997,EQ011,001,0x9882
0x9884,28,EG0384,EQ008,001,0x9884
0x9886,26,EG0971,EQ011,001,0x9886
0x9888,30,EG0055,EQ002,001,0x9888
0x988a,30,EG0109,EQ002,001,0x988a
0x988c,30,EG0109,EQ002,001,0x988c
0x988e,30,EG0055,EQ002,001,0x988e
0x9890,26,EG0334,EQ026,101,0x9890
0x9892,26,EG0385,EQ027,101,0x9892
0x9894,26,EG0385,EQ027,101,0x9894
0x9896,26,EG0334,EQ026,101,0x9896
0x9898,28,EG0056,EQ016,101,0x9898
0x989a,26,EG0869,EQ022,101,0x989a
0x989c,28,EG0110,EQ017,101,0x989c
0x989e,26,EG0845,EQ021,101,0x989e
0x98a0,28,EG0333,EQ008,001,0x98a0
0x98a2,26,EG0997,EQ011,001,0x98a2
0x98a4,28,EG0384,EQ008,001,0x98a4
0x98a6,26,EG0971,EQ011,001,0x98a6
0x98a8,30,EG0055,EQ002,001,0x98a8
0x98aa,30,EG0109,EQ002,001,0x98aa
0x98ac,30,EG0109,EQ002,001,0x98ac
0x98ae,30,EG0055,EQ002,001,0x98ae
0x98b0,26,EG0334,EQ026,101,0x98b0
0x98b2,26,EG0385,EQ027,101,0x98b2
0x98b4,26,EG0385,EQ027,101,0x98b4
0x98b6,26,EG0334,EQ026,101,0x98b6
0x98b8,28,EG0056,EQ016,101,0x98b8
0x98ba,26,EG0869,EQ022,101,0x98ba
0x98bc,28,EG0110,EQ017,101,0x98bc
0x98be,26,EG0845,EQ021,101,0x98be
0x98c0,26,EG0717,EQ011,001,0x98c0
0x98c2,28,EG0384,EQ008,001,0x98c2
0x98c4,26,EG0741,EQ011,001,0x98c4
0x98c6,28,EG0333,EQ008,001,0x98c6
0x98c8,30,EG0055,EQ002,001,0x98c8
0x98ca,30,EG0109,EQ002,001,0x98ca
0x98cc,30,EG0109,EQ002,001,0x98cc
0x98ce,30,EG0055,EQ002,001,0x98ce
0x98d0,26,EG0334,EQ026,101,0x98d0
0x98d2,26,EG0385,EQ027,101,0x98d2
0x98d4,26,EG0385,EQ027,101,0x98d4
0x98d6,26,EG0334,EQ026,101,0x98d6
0x98d8,26,EG0591,EQ021,101,0x98d8
0x98da,28,EG0110,EQ017,101,0x98da
0x98dc,26,EG0617,EQ022,101,0x98dc
0x98de,28,EG0056,EQ016,101,0x98de
0x98e0,26,EG0717,EQ011,001,0x98e0
0x98e2,28,EG0384,EQ008,001,0x98e2
0x98e4,26,EG0741,EQ011,001,0x98e4
0x98e6,28,EG0333,EQ008,001,0x98e6
0x98e8,30,EG0055,EQ002,001,0x98e8
0x98ea,30,EG0109,EQ002,001,0x98ea
0x98ec,30,EG0109,EQ002,001,0x98ec
0x98ee,30,EG0055,EQ002,001,0x98ee
0x98f0,26,EG0334,EQ026,101,0x98f0
0x98f2,26,EG0385,EQ027,101,0x98f2
0x98f4,26,EG0385,EQ027,101,0x98f4
0x98f6,26,EG0334,EQ026,101,0x98f6
0x98f8,26,EG0591,EQ021,101,0x98f8
0x98fa,28,EG0110,EQ017,101,0x98fa
0x98fc,26,EG0617,EQ022,101,0x98fc
0x98fe,28,EG0056,EQ016,101,0x98fe
0x9900,28,EG0565,EQ039,011,0x9900
0x9902,30,EG0016,EQ003,011,0x9902
0x9904,28,EG0565,EQ039,011,0x9904
0x9906,30,EG0016,EQ003,011,0x9906
0x9908,28,EG0294,EQ018,011,0x9908
0x990a,28,EG0294,EQ018,011,0x990a
0x990c,28,EG0294,EQ018,011,0x990c
0x990e,28,EG0294,EQ018,011,0x990e
0x9910,28,EG0017,EQ005,111,0x9910
0x9912,28,EG0017,EQ005,111,0x9912
0x9914,28,EG0017,EQ005,111,0x9914
0x9916,28,EG0017,EQ005,111,0x9916
0x9918,24,EG0694,EQ047,111,0x9918
0x991a,26,EG0295,EQ044,111,0x991a
0x991c,24,EG0694,EQ047,111,0x991c
0x991e,26,EG0295,EQ044,111,0x991e
0x9920,28,EG0565,EQ039,011,0x9920
0x9922,30,EG0016,EQ003,011,0x9922
0x9924,28,EG0565,EQ039,011,0x9924
0x9926,30,EG0016,EQ003,011,0x9926
0x9928,28,EG0294,EQ018,011,0x9928
0x992a,28,EG0294,EQ018,011,0x992a
0x992c,28,EG0294,EQ018,011,0x992c
0x992e,28,EG0294,EQ018,011,0x992e
0x9930,28,EG0017,EQ005,111,0x9930
0x9932,28,EG0017,EQ005,111,0x9932
0x9934,28,EG0017,EQ005,111,0x9934
0x9936,28,EG0017,EQ005,111,0x9936
0x9938,24,EG0694,EQ047,111,0x9938
0x993a,26,EG0295,EQ044,111,0x993a
0x993c,24,EG0694,EQ047,111,0x993c
0x993e,26,EG0295,EQ044,111,0x993e
0x9940,30,EG0016,EQ003,011,0x9940
0x9942,28,EG0819,EQ039,011,0x9942
0x9944,30,EG0016,EQ003,011,0x9944
0x9946,28,EG0819,EQ039,011,0x9946
0x9948,28,EG0294,EQ018,011,0x9948
0x994a,28,EG0294,EQ018,011,0x994a
0x994c,28,EG0294,EQ018,011,0x994c
0x994e,28,EG0294,EQ018,011,0x994e
0x9950,28,EG0017,EQ005,111,0x9950
0x9952,28,EG0017,EQ005,111,0x9952
0x9954,28,EG0017,EQ005,111,0x9954
0x9956,28,EG0017,EQ005,111,0x9956
0x9958,26,EG0295,EQ044,111,0x9958
0x995a,24,EG0948,EQ046,111,0x995a
0x995c,26,EG0295,EQ044,111,0x995c
0x995e,24,EG0948,EQ046,111,0x995e
0x9960,30,EG0016,EQ003,011,0x9960
0x9962,28,EG0819,EQ039,011,0x9962
0x9964,30,EG0016,EQ003,011,0x9964
0x9966,28,EG0819,EQ039,011,0x9966
0x9968,28,EG0294,EQ018,011,0x9968
0x996a,28,EG0294,EQ018,011,0x996a
0x996c,28,EG0294,EQ018,011,0x996c
0x996e,28,EG0294,EQ018,011,0x996e
0x9970,28,EG0017,EQ005,111,0x9970
0x9972,28,EG0017,EQ005,111,0x9972
0x9974,28,EG0017,EQ005,111,0x9974
0x9976,28,EG0017,EQ005,111,0x9976
0x9978,26,EG0295,EQ044,111,0x9978
0x997a,24,EG0948,EQ046,111,0x997a
0x997c,26,EG0295,EQ044,111,0x997c
0x997e,24,EG0948,EQ046,111,0x997e
0x9980,28,EG0070,EQ009,011,0x9980
0x9982,26,EG0876,EQ045,011,0x9982
0x9984,28,EG0124,EQ009,011,0x9984
0x9986,26,EG0851,EQ045,011,0x9986
0x9988,26,EG0348,EQ028,011,0x9988
0x998a,26,EG0399,EQ028,011,0x998a
0x998c,26,EG0399,EQ028,011,0x998c
0x998e,26,EG0348,EQ028,011,0x998e
0x9990,24,EG0264,EQ055,111,0x9990
0x9992,24,EG0278,EQ058,111,0x9992
0x9994,24,EG0278,EQ058,111,0x9994
0x9996,24,EG0264,EQ055,111,0x9996
0x9998,22,EG0538,EQ087,111,0x9998
0x999a,20,EG1061,EQ120,111,0x999a
0x999c,22,EG0552,EQ092,111,0x999c
0x999e,20,EG1054,EQ114,111,0x999e
0x99a0,26,EG0263,EQ012,011,0x99a0
0x99a2,24,EG0934,EQ051,011,0x99a2
0x99a4,26,EG0277,EQ014,011,0x99a4
0x99a6,24,EG0929,EQ049,011,0x99a6
0x99a8,24,EG0537,EQ033,011,0x99a8
0x99aa,24,EG0551,EQ036,011,0x99aa
0x99ac,24,EG0551,EQ036,011,0x99ac
0x99ae,24,EG0537,EQ033,011,0x99ae
0x99b0,26,EG0071,EQ021,111,0x99b0
0x99b2,26,EG0125,EQ022,111,0x99b2
0x99b4,26,EG0125,EQ022,111,0x99b4
0x99b6,26,EG0071,EQ021,111,0x99b6
0x99b8,24,EG0349,EQ077,111,0x99b8
0x99ba,22,EG1006,EQ104,111,0x99ba
0x99bc,24,EG0400,EQ078,111,0x99bc
0x99be,22,EG0979,EQ098,111,0x99be
0x99c0,26,EG0598,EQ045,011,0x99c0
0x99c2,28,EG0124,EQ009,011,0x99c2
0x99c4,26,EG0623,EQ045,011,0x99c4
0x99c6,28,EG0070,EQ009,011,0x99c6
0x99c8,26,EG0348,EQ028,011,0x99c8
0x99ca,26,EG0399,EQ028,011,0x99ca
0x99cc,26,EG0399,EQ028,011,0x99cc
0x99ce,26,EG0348,EQ028,011,0x99ce
0x99d0,24,EG0264,EQ055,111,0x99d0
0x99d2,24,EG0278,EQ058,111,0x99d2
0x99d4,24,EG0278,EQ058,111,0x99d4
0x99d6,24,EG0264,EQ055,111,0x99d6
0x99d8,20,EG0801,EQ115,111,0x99d8
0x99da,22,EG0552,EQ092,111,0x99da
0x99dc,20,EG0806,EQ122,111,0x99dc
0x99de,22,EG0538,EQ087,111,0x99de
0x99e0,24,EG0673,EQ049,011,0x99e0
0x99e2,26,EG0277,EQ014,011,0x99e2
0x99e4,24,EG0680,EQ051,011,0x99e4
0x99e6,26,EG0263,EQ012,011,0x99e6
0x99e8,24,EG0537,EQ033,011,0x99e8
0x99ea,24,EG0551,EQ036,011,0x99ea
0x99ec,24,EG0551,EQ036,011,0x99ec
0x99ee,24,EG0537,EQ033,011,0x99ee
0x99f0,26,EG0071,EQ021,111,0x99f0
0x99f2,26,EG0125,EQ022,111,0x99f2
0x99f4,26,EG0125,EQ022,111,0x99f4
0x99f6,26,EG0071,EQ021,111,0x99f6
0x99f8,22,EG0726,EQ099,111,0x99f8
0x99fa,24,EG0400,EQ078,111,0x99fa
0x99fc,22,EG0749,EQ103,111,0x99fc
0x99fe,24,EG0349,EQ077,111,0x99fe
0x9a00,26,EG0693,EQ040,001,0x9a00
0x9a02,28,EG0294,EQ018,001,0x9a02
0x9a04,26,EG0693,EQ040,001,0x9a04
0x9a06,28,EG0294,EQ018,001,0x9a06
0x9a08,30,EG0016,EQ003,001,0x9a08
0x9a0a,30,EG0016,EQ003,001,0x9a0a
0x9a0c,30,EG0016,EQ003,001,0x9a0c
0x9a0e,30,EG0016,EQ003,001,0x9a0e
0x9a10,24,EG0524,EQ079,101,0x9a10
0x9a12,24,EG0524,EQ079,101,0x9a12
0x9a14,24,EG0524,EQ079,101,0x9a14
0x9a16,24,EG0524,EQ079,101,0x9a16
0x9a18,24,EG0668,EQ095,101,0x9a18
0x9a1a,26,EG0250,EQ041,101,0x9a1a
0x9a1c,24,EG0668,EQ095,101,0x9a1c
0x9a1e,26,EG0250,EQ041,101,0x9a1e
0x9a20,24,EG0794,EQ059,001,0x9a20
0x9a22,26,EG0523,EQ023,001,0x9a22
0x9a24,24,EG0794,EQ059,001,0x9a24
0x9a26,26,EG0523,EQ023,001,0x9a26
0x9a28,28,EG0249,EQ006,001,0x9a28
0x9a2a,28,EG0249,EQ006,001,0x9a2a
0x9a2c,28,EG0249,EQ006,001,0x9a2c
0x9a2e,28,EG0249,EQ006,001,0x9a2e
0x9a30,26,EG0296,EQ044,101,0x9a30
0x9a32,26,EG0296,EQ044,101,0x9a32
0x9a34,26,EG0296,EQ044,101,0x9a34
0x9a36,26,EG0296,EQ044,101,0x9a36
0x9a38,26,EG0566,EQ045,101,0x9a38
0x9a3a,28,EG0018,EQ005,101,0x9a3a
0x9a3c,26,EG0566,EQ045,101,0x9a3c
0x9a3e,28,EG0018,EQ005,101,0x9a3e
0x9a40,28,EG0294,EQ018,001,0x9a40
0x9a42,26,EG0947,EQ040,001,0x9a42
0x9a44,28,EG0294,EQ018,001,0x9a44
0x9a46,26,EG0947,EQ040,001,0x9a46
0x9a48,30,EG0016,EQ003,001,0x9a48
0x9a4a,30,EG0016,EQ003,001,0x9a4a
0x9a4c,30,EG0016,EQ003,001,0x9a4c
0x9a4e,30,EG0016,EQ003,001,0x9a4e
0x9a50,24,EG0524,EQ079,101,0x9a50
0x9a52,24,EG0524,EQ079,101,0x9a52
0x9a54,24,EG0524,EQ079,101,0x9a54
0x9a56,24,EG0524,EQ079,101,0x9a56
0x9a58,26,EG0250,EQ041,101,0x9a58
0x9a5a,24,EG0922,EQ095,101,0x9a5a
0x9a5c,26,EG0250,EQ041,101,0x9a5c
0x9a5e,24,EG0922,EQ095,101,0x9a5e
0x9a60,26,EG0523,EQ023,001,0x9a60
0x9a62,24,EG1049,EQ056,001,0x9a62
0x9a64,26,EG0523,EQ023,001,0x9a64
0x9a66,24,EG1049,EQ056,001,0x9a66
0x9a68,28,EG0249,EQ006,001,0x9a68
0x9a6a,28,EG0249,EQ006,001,0x9a6a
0x9a6c,28,EG0249,EQ006,001,0x9a6c
0x9a6e,28,EG0249,EQ006,001,0x9a6e
0x9a70,26,EG0296,EQ044,101,0x9a70
0x9a72,26,EG0296,EQ044,101,0x9a72
0x9a74,26,EG0296,EQ044,101,0x9a74
0x9a76,26,EG0296,EQ044,101,0x9a76
0x9a78,28,EG0018,EQ005,101,0x9a78
0x9a7a,26,EG0820,EQ045,101,0x9a7a
0x9a7c,28,EG0018,EQ005,101,0x9a7c
0x9a7e,26,EG0820,EQ045,101,0x9a7e
0x9a80,26,EG0348,EQ028,001,0x9a80
0x9a82,24,EG1005,EQ066,001,0x9a82
0x9a84,26,EG0399,EQ028,001,0x9a84
0x9a86,24,EG0978,EQ063,001,0x9a86
0x9a88,28,EG0070,EQ009,001,0x9a88
0x9a8a,28,EG0124,EQ009,001,0x9a8a
0x9a8c,28,EG0124,EQ009,001,0x9a8c
0x9a8e,28,EG0070,EQ009,001,0x9a8e
0x9a90,24,EG0350,EQ078,101,0x9a90
0x9a92,24,EG0401,EQ077,101,0x9a92
0x9a94,24,EG0401,EQ077,101,0x9a94
0x9a96,24,EG0350,EQ078,101,0x9a96
0x9a98,26,EG0072,EQ022,101,0x9a98
0x9a9a,24,EG0877,EQ097,101,0x9a9a
0x9a9c,26,EG0126,EQ021,101,0x9a9c
0x9a9e,24,EG0852,EQ102,101,0x9a9e
0x9aa0,26,EG0348,EQ028,001,0x9aa0
0x9aa2,24,EG1005,EQ066,001,0x9aa2
0x9aa4,26,EG0399,EQ028,001,0x9aa4
0x9aa6,24,EG0978,EQ063,001,0x9aa6
0x9aa8,28,EG0070,EQ009,001,0x9aa8
0x9aaa,28,EG0124,EQ009,001,0x9aaa
0x9aac,28,EG0124,EQ009,001,0x9aac
0x9aae,28,EG0070,EQ009,001,0x9aae
0x9ab0,24,EG0350,EQ078,101,0x9ab0
0x9ab2,24,EG0401,EQ077,101,0x9ab2
0x9ab4,24,EG0401,EQ077,101,0x9ab4
0x9ab6,24,EG0350,EQ078,101,0x9ab6
0x9ab8,26,EG0072,EQ022,101,0x9ab8
0x9aba,24,EG0877,EQ097,101,0x9aba
0x9abc,26,EG0126,EQ021,101,0x9abc
0x9abe,24,EG0852,EQ102,101,0x9abe
0x9ac0,24,EG0725,EQ066,001,0x9ac0
0x9ac2,26,EG0399,EQ028,001,0x9ac2
0x9ac4,24,EG0748,EQ063,001,0x9ac4
0x9ac6,26,EG0348,EQ028,001,0x9ac6
0x9ac8,28,EG0070,EQ009,001,0x9ac8
0x9aca,28,EG0124,EQ009,001,0x9aca
0x9acc,28,EG0124,EQ009,001,0x9acc
0x9ace,28,EG0070,EQ009,001,0x9ace
0x9ad0,24,EG0350,EQ078,101,0x9ad0
0x9ad2,24,EG0401,EQ077,101,0x9ad2
0x9ad4,24,EG0401,EQ077,101,0x9ad4
0x9ad6,24,EG0350,EQ078,101,0x9ad6
0x9ad8,24,EG0599,EQ102,101,0x9ad8
0x9ada,26,EG0126,EQ021,101,0x9ada
0x9adc,24,EG0624,EQ097,101,0x9adc
0x9ade,26,EG0072,EQ022,101,0x9ade
0x9ae0,24,EG0725,EQ066,001,0x9ae0
0x9ae2,26,EG0399,EQ028,001,0x9ae2
0x9ae4,24,EG0748,EQ063,001,0x9ae4
0x9ae6,26,EG0348,EQ028,001,0x9ae6
0x9ae8,28,EG0070,EQ009,001,0x9ae8
0x9aea,28,EG0124,EQ009,001,0x9aea
0x9aec,28,EG0124,EQ009,001,0x9aec
0x9aee,28,EG0070,EQ009,001,0x9aee
0x9af0,24,EG0350,EQ078,101,0x9af0
0x9af2,24,EG0401,EQ077,101,0x9af2
0x9af4,24,EG0401,EQ077,101,0x9af4
0x9af6,24,EG0350,EQ078,101,0x9af6
0x9af8,24,EG0599,EQ102,101,0x9af8
0x9afa,26,EG0126,EQ021,101,0x9afa
0x9afc,24,EG0624,EQ097,101,0x9afc
0x9afe,26,EG0072,EQ022,101,0x9afe
0x9b00,30,EG0553,EQ003,011,0x9b00
0x9b02,32,EG0001,EQ001,011,0x9b02
0x9b04,30,EG0553,EQ003,011,0x9b04
0x9b06,32,EG0001,EQ001,011,0x9b06
0x9b08,30,EG0279,EQ002,011,0x9b08
0x9b0a,30,EG0279,EQ002,011,0x9b0a
0x9b0c,30,EG0279,EQ002,011,0x9b0c
0x9b0e,30,EG0279,EQ002,011,0x9b0e
0x9b10,30,EG0003,EQ002,111,0x9b10
0x9b12,30,EG0003,EQ002,111,0x9b12
0x9b14,30,EG0003,EQ002,111,0x9b14
0x9b16,30,EG0003,EQ002,111,0x9b16
0x9b18,26,EG0683,EQ010,111,0x9b18
0x9b1a,28,EG0281,EQ008,111,0x9b1a
0x9b1c,26,EG0683,EQ010,111,0x9b1c
0x9b1e,28,EG0281,EQ008,111,0x9b1e
0x9b20,30,EG0553,EQ003,011,0x9b20
0x9b22,32,EG0001,EQ001,011,0x9b22
0x9b24,30,EG0553,EQ003,011,0x9b24
0x9b26,32,EG0001,EQ001,011,0x9b26
0x9b28,30,EG0279,EQ002,011,0x9b28
0x9b2a,30,EG0279,EQ002,011,0x9b2a
0x9b2c,30,EG0279,EQ002,011,0x9b2c
0x9b2e,30,EG0279,EQ002,011,0x9b2e
0x9b30,30,EG0003,EQ002,111,0x9b30
0x9b32,30,EG0003,EQ002,111,0x9b32
0x9b34,30,EG0003,EQ002,111,0x9b34
0x9b36,30,EG0003,EQ002,111,0x9b36
0x9b38,26,EG0683,EQ010,111,0x9b38
0x9b3a,28,EG0281,EQ008,111,0x9b3a
0x9b3c,26,EG0683,EQ010,111,0x9b3c
0x9b3e,28,EG0281,EQ008,111,0x9b3e
0x9b40,32,EG0001,EQ001,011,0x9b40
0x9b42,30,EG0807,EQ003,011,0x9b42
0x9b44,32,EG0001,EQ001,011,0x9b44
0x9b46,30,EG0807,EQ003,011,0x9b46
0x9b48,30,EG0279,EQ002,011,0x9b48
0x9b4a,30,EG0279,EQ002,011,0x9b4a
0x9b4c,30,EG0279,EQ002,011,0x9b4c
0x9b4e,30,EG0279,EQ002,011,0x9b4e
0x9b50,30,EG0003,EQ002,111,0x9b50
0x9b52,30,EG0003,EQ002,111,0x9b52
0x9b54,30,EG0003,EQ002,111,0x9b54
0x9b56,30,EG0003,EQ002,111,0x9b56
0x9b58,28,EG0281,EQ008,111,0x9b58
0x9b5a,26,EG0937,EQ010,111,0x9b5a
0x9b5c,28,EG0281,EQ008,111,0x9b5c
0x9b5e,26,EG0937,EQ010,111,0x9b5e
0x9b60,32,EG0001,EQ001,011,0x9b60
0x9b62,30,EG0807,EQ003,011,0x9b62
0x9b64,32,EG0001,EQ001,011,0x9b64
0x9b66,30,EG0807,EQ003,011,0x9b66
0x9b68,30,EG0279,EQ002,011,0x9b68
0x9b6a,30,EG0279,EQ002,011,0x9b6a
0x9b6c,30,EG0279,EQ002,011,0x9b6c
0x9b6e,30,EG0279,EQ002,011,0x9b6e
0x9b70,30,EG0003,EQ002,111,0x9b70
0x9b72,30,EG0003,EQ002,111,0x9b72
0x9b74,30,EG0003,EQ002,111,0x9b74
0x9b76,30,EG0003,EQ002,111,0x9b76
0x9b78,28,EG0281,EQ008,111,0x9b78
0x9b7a,26,EG0937,EQ010,111,0x9b7a
0x9b7c,28,EG0281,EQ008,111,0x9b7c
0x9b7e,26,EG0937,EQ010,111,0x9b7e
0x9b80,30,EG0055,EQ002,011,0x9b80
0x9b82,28,EG0868,EQ005,011,0x9b82
0x9b84,30,EG0109,EQ002,011,0x9b84
0x9b86,28,EG0844,EQ005,011,0x9b86
0x9b88,28,EG0333,EQ008,011,0x9b88
0x9b8a,28,EG0384,EQ008,011,0x9b8a
0x9b8c,28,EG0384,EQ008,011,0x9b8c
0x9b8e,28,EG0333,EQ008,011,0x9b8e
0x9b90,26,EG0253,EQ020,111,0x9b90
0x9b92,26,EG0267,EQ019,111,0x9b92
0x9b94,26,EG0267,EQ019,111,0x9b94
0x9b96,26,EG0253,EQ020,111,0x9b96
0x9b98,24,EG0527,EQ030,111,0x9b98
0x9b9a,22,EG1056,EQ034,111,0x9b9a
0x9b9c,24,EG0541,EQ029,111,0x9b9c
0x9b9e,22,EG1052,EQ035,111,0x9b9e
0x9ba0,28,EG0251,EQ004,011,0x9ba0
0x9ba2,26,EG0930,EQ007,011,0x9ba2
0x9ba4,28,EG0265,EQ004,011,0x9ba4
0x9ba6,26,EG0923,EQ007,011,0x9ba6
0x9ba8,26,EG0525,EQ010,011,0x9ba8
0x9baa,26,EG0539,EQ010,011,0x9baa
0x9bac,26,EG0539,EQ010,011,0x9bac
0x9bae,26,EG0525,EQ010,011,0x9bae
0x9bb0,28,EG0057,EQ017,111,0x9bb0
0x9bb2,28,EG0111,EQ016,111,0x9bb2
0x9bb4,28,EG0111,EQ016,111,0x9bb4
0x9bb6,28,EG0057,EQ017,111,0x9bb6
0x9bb8,26,EG0335,EQ027,111,0x9bb8
0x9bba,24,EG0999,EQ031,111,0x9bba
0x9bbc,26,EG0386,EQ026,111,0x9bbc
0x9bbe,24,EG0973,EQ032,111,0x9bbe
0x9bc0,28,EG0590,EQ005,011,0x9bc0
0x9bc2,30,EG0109,EQ002,011,0x9bc2
0x9bc4,28,EG0616,EQ005,011,0x9bc4
0x9bc6,30,EG0055,EQ002,011,0x9bc6
0x9bc8,28,EG0333,EQ008,011,0x9bc8
0x9bca,28,EG0384,EQ008,011,0x9bca
0x9bcc,28,EG0384,EQ008,011,0x9bcc
0x9bce,28,EG0333,EQ008,011,0x9bce
0x9bd0,26,EG0253,EQ020,111,0x9bd0
0x9bd2,26,EG0267,EQ019,111,0x9bd2
0x9bd4,26,EG0267,EQ019,111,0x9bd4
0x9bd6,26,EG0253,EQ020,111,0x9bd6
0x9bd8,22,EG0796,EQ038,111,0x9bd8
0x9bda,24,EG0541,EQ029,111,0x9bda
0x9bdc,22,EG0804,EQ037,111,0x9bdc
0x9bde,24,EG0527,EQ030,111,0x9bde
0x9be0,26,EG0669,EQ007,011,0x9be0
0x9be2,28,EG0265,EQ004,011,0x9be2
0x9be4,26,EG0674,EQ007,011,0x9be4
0x9be6,28,EG0251,EQ004,011,0x9be6
0x9be8,26,EG0525,EQ010,011,0x9be8
0x9bea,26,EG0539,EQ010,011,0x9bea
0x9bec,26,EG0539,EQ010,011,0x9bec
0x9bee,26,EG0525,EQ010,011,0x9bee
0x9bf0,28,EG0057,EQ017,111,0x9bf0
0x9bf2,28,EG0111,EQ016,111,0x9bf2
0x9bf4,28,EG0111,EQ016,111,0x9bf4
0x9bf6,28,EG0057,EQ017,111,0x9bf6
0x9bf8,24,EG0719,EQ032,111,0x9bf8
0x9bfa,26,EG0386,EQ026,111,0x9bfa
0x9bfc,24,EG0743,EQ031,111,0x9bfc
0x9bfe,26,EG0335,EQ027,111,0x9bfe
